image_id,class,confidence,x1,y1,x2,y2
0,person,0.9935,264.29,140.48,321.06,252.68
0,horse,0.993,209.68,182.86,346.33,311.74
0,person,0.9795,474.77,161.0,498.89,230.28
0,horse,0.9627,425.64,183.07,499.2,261.55
0,person,0.8938,253.0,137.48,295.79,256.46
0,person,0.8438,232.73,135.4,284.21,238.33
0,horse,0.6811,195.99,165.1,304.6,283.93
0,person,0.5344,484.99,159.03,500.0,207.41
1,person,0.9972,27.37,184.49,161.58,446.5
1,train,0.7807,39.83,0.0,328.77,448.0
2,person,0.9942,239.6,24.71,299.06,156.95
2,person,0.9854,249.02,2.62,471.25,385.48
2,person,0.97,23.19,13.31,184.32,281.84
2,tvmonitor,0.7036,4.56,200.49,100.14,307.24
2,chair,0.6542,284.24,252.4,498.78,388.34
2,person,0.5998,456.42,28.16,499.26,311.49
3,person,0.9979,114.41,3.93,322.83,357.35
4,person,0.9994,303.91,100.43,446.42,335.0
5,person,0.9932,116.84,115.38,245.59,372.29
5,person,0.9914,356.74,117.46,492.41,316.87
5,person,0.9903,31.78,116.29,122.56,326.39
5,person,0.9846,414.3,273.3,494.99,373.47
5,chair,0.9789,28.48,215.33,117.98,356.69
5,person,0.9399,233.36,297.51,342.85,375.0
6,person,0.9954,93.69,43.32,326.45,221.63
6,bicycle,0.982,13.93,1.13,125.24,45.89
6,bicycle,0.8896,89.24,109.02,341.09,316.21
7,person,0.9971,106.37,253.04,193.49,323.28
8,person,0.9968,126.87,0.87,144.6,40.17
8,person,0.9963,290.82,1.82,312.43,47.67
8,person,0.9622,100.32,1.7,112.31,24.79
8,person,0.8568,208.79,1.45,226.41,30.58
8,person,0.8157,76.39,132.78,442.76,372.73
9,person,0.9984,302.78,107.96,457.24,374.48
9,person,0.9954,56.61,131.79,202.85,374.95
9,person,0.9949,193.33,138.93,323.41,375.0
9,person,0.9923,68.17,36.21,187.36,160.72
9,person,0.9783,2.08,284.2,89.87,373.21
9,person,0.9764,163.6,23.28,281.6,254.42
9,person,0.9591,137.9,163.97,229.33,373.72
9,person,0.9536,301.01,46.7,454.0,265.51
9,person,0.671,66.11,39.98,198.58,273.42
9,person,0.6167,141.85,165.78,212.36,292.29
9,person,0.6065,127.98,56.61,286.81,362.56
10,person,0.9973,105.44,193.5,260.71,417.94
10,person,0.982,56.61,246.17,142.97,375.99
10,chair,0.7034,125.51,285.8,278.69,419.32
10,chair,0.6577,0.95,332.39,47.32,492.76
10,bird,0.5263,173.49,0.92,333.0,260.67
11,person,0.9893,196.51,43.55,283.03,329.47
11,motorbike,0.9892,131.27,118.4,288.95,375.0
12,person,0.9977,98.13,7.51,490.85,333.0
13,person,0.999,244.88,80.49,296.98,224.96
13,person,0.9988,0.28,114.62,91.69,326.95
13,person,0.9985,81.36,79.1,194.54,332.0
13,person,0.9981,348.65,81.09,444.97,298.44
13,pottedplant,0.9963,313.97,106.52,341.39,138.08
13,pottedplant,0.9963,195.64,107.94,216.21,137.36
13,person,0.9961,157.03,70.8,201.39,229.03
13,person,0.9946,456.06,83.16,500.0,186.93
13,person,0.9884,295.74,49.05,317.36,116.13
13,person,0.9839,66.66,91.95,111.88,209.3
13,person,0.9825,406.26,63.78,454.36,151.23
13,pottedplant,0.9818,47.74,101.92,67.39,130.55
13,person,0.97,453.3,88.62,477.7,158.36
13,person,0.9612,260.7,59.93,277.34,84.01
13,person,0.9192,248.23,62.16,259.78,96.37
13,person,0.8852,205.13,58.64,219.32,108.35
13,person,0.8732,340.75,50.4,357.03,119.76
13,person,0.825,221.1,57.42,238.31,121.06
13,chair,0.7838,0.12,199.01,48.17,332.0
13,person,0.7824,343.63,47.09,367.41,121.06
13,person,0.6749,64.26,79.71,121.64,302.99
13,person,0.6672,380.06,77.07,452.74,246.61
13,person,0.6386,40.68,75.26,55.15,107.79
13,person,0.6331,161.92,67.41,196.66,157.78
14,person,0.9992,12.54,137.08,95.68,332.94
14,person,0.9987,326.71,161.6,372.78,237.78
14,person,0.9982,372.55,158.12,404.03,220.27
14,bicycle,0.9966,0.0,212.99,151.5,332.8
14,person,0.9909,237.78,153.05,286.22,250.8
14,motorbike,0.9897,230.05,183.78,292.0,274.24
14,bicycle,0.9856,291.68,188.09,367.0,277.03
14,person,0.9845,119.37,170.98,152.74,247.79
14,person,0.9802,306.17,151.39,349.55,247.04
14,motorbike,0.722,84.41,182.52,121.53,227.44
14,motorbike,0.6494,364.26,185.15,425.35,228.61
15,person,0.9998,11.28,44.49,126.09,242.48
15,bicycle,0.9942,23.57,133.77,190.28,299.03
15,bicycle,0.7707,24.77,166.5,107.36,294.98
16,person,0.9971,133.68,215.04,284.07,328.68
16,boat,0.7011,51.1,262.14,280.2,406.11
17,person,0.9965,0.0,25.67,343.54,497.63
18,person,0.9981,276.09,0.39,500.0,333.0
18,person,0.9958,130.08,62.02,212.61,177.18
18,person,0.9908,102.35,45.11,360.44,333.0
18,person,0.986,27.69,74.69,119.05,175.8
18,person,0.9785,59.72,127.01,172.73,275.72
18,person,0.974,10.69,100.97,112.05,325.41
18,person,0.9683,322.06,75.02,389.36,172.76
18,person,0.9234,443.41,11.05,487.85,97.69
18,chair,0.9225,0.74,155.98,36.26,225.67
18,person,0.8959,205.12,30.26,406.78,333.0
18,person,0.7356,137.9,85.56,163.28,120.0
18,person,0.721,238.38,17.8,324.29,132.1
18,person,0.676,72.53,137.42,275.76,329.01
18,person,0.6667,13.21,127.74,199.25,319.2
18,chair,0.6293,16.32,217.92,106.22,325.76
19,person,0.9908,6.1,23.44,373.53,490.88
19,person,0.9718,265.98,75.28,435.93,480.36
20,person,0.9964,41.09,23.85,120.93,261.36
20,person,0.8851,41.34,25.33,113.49,153.66
21,person,0.9983,286.91,113.16,379.23,304.37
21,person,0.9954,484.67,244.71,497.13,272.14
21,bicycle,0.9952,240.02,181.65,469.66,319.38
21,person,0.9942,176.99,11.7,223.93,152.91
21,person,0.9937,480.11,271.2,492.54,308.6
21,person,0.993,214.82,261.23,226.01,289.51
21,person,0.9919,218.1,0.0,264.66,154.28
21,person,0.9499,252.97,21.68,292.55,158.86
21,person,0.9307,471.63,277.87,481.49,308.06
21,person,0.6493,430.93,276.38,445.58,307.23
22,person,0.9992,103.24,119.92,254.21,491.5
22,tvmonitor,0.7028,153.38,90.82,258.06,199.9
23,tvmonitor,0.9783,92.52,81.2,144.19,134.42
23,tvmonitor,0.9673,185.28,139.6,472.56,368.45
23,person,0.9602,182.62,56.43,369.1,306.99
23,pottedplant,0.9177,148.3,90.71,186.77,139.34
23,person,0.822,159.11,97.26,228.18,198.94
23,chair,0.6959,158.97,126.82,239.56,252.78
24,person,0.9879,193.75,67.57,336.66,332.74
24,chair,0.7418,182.67,170.96,394.14,369.32
25,horse,0.9907,4.23,80.85,360.72,320.65
25,person,0.9836,134.18,46.01,276.91,162.94
25,person,0.8574,188.09,43.43,273.46,141.65
26,person,0.9985,226.94,300.09,299.1,451.69
27,person,0.9972,14.8,27.9,321.0,313.31
27,tvmonitor,0.5131,287.36,161.3,491.04,320.49
28,person,0.9979,208.31,76.14,347.84,313.81
28,person,0.9978,97.94,17.39,222.81,363.43
28,motorbike,0.9913,188.74,165.62,360.46,322.09
28,motorbike,0.9635,291.72,152.77,500.0,307.39
28,bicycle,0.7947,1.07,153.88,82.5,316.73
28,bicycle,0.7077,174.03,207.54,199.04,243.01
28,bicycle,0.6567,96.23,199.98,208.1,248.78
29,tvmonitor,0.9912,70.06,197.52,188.64,316.81
29,person,0.99,347.16,224.55,468.71,373.94
29,person,0.9787,161.78,197.09,314.68,372.68
29,tvmonitor,0.9349,159.37,197.43,222.25,291.16
29,person,0.9324,1.33,64.56,38.91,189.59
29,person,0.8405,445.45,257.6,497.99,371.84
29,person,0.7351,246.24,214.08,455.98,374.34
30,person,0.9978,76.48,71.69,224.68,375.53
30,person,0.9898,306.05,31.03,457.66,376.0
30,chair,0.8581,280.37,271.06,339.94,373.17
31,person,0.9948,162.32,42.69,360.61,341.82
31,person,0.8098,220.77,49.73,361.29,261.09
32,person,0.9929,67.99,2.12,421.38,331.88
32,chair,0.9152,289.4,289.52,463.1,331.76
33,person,0.9996,149.05,95.48,320.05,342.8
34,person,0.999,45.11,104.62,81.99,182.34
34,person,0.9986,409.23,42.58,458.4,182.51
34,person,0.9984,283.46,25.55,342.16,187.39
34,person,0.9981,343.14,81.66,380.91,185.52
34,person,0.9958,128.27,107.49,165.56,192.26
34,motorbike,0.9708,0.74,115.8,46.68,188.04
34,person,0.9576,95.52,174.5,233.88,305.79
34,person,0.944,194.0,118.4,226.05,151.18
34,person,0.9362,122.24,107.53,138.04,145.27
34,person,0.9067,107.31,118.77,121.27,152.9
34,person,0.8678,2.67,101.89,45.25,187.43
34,person,0.7224,193.74,117.05,210.46,151.01
34,person,0.6549,262.21,108.17,272.95,128.62
35,person,0.9908,183.97,31.17,337.58,242.57
35,motorbike,0.9216,42.66,87.57,406.82,334.0
36,person,0.9896,32.46,40.78,183.1,409.59
37,person,0.9993,165.46,86.93,223.94,298.35
37,person,0.9989,232.99,47.35,366.3,471.08
37,person,0.9989,1.48,87.98,85.34,320.87
37,person,0.9985,78.34,82.84,160.05,303.42
37,car,0.9837,214.98,127.49,244.16,165.2
37,person,0.5306,256.18,76.49,286.96,116.67
38,chair,0.7422,125.64,176.18,324.57,500.0
39,person,0.9992,145.57,162.36,185.71,232.83
39,person,0.9979,246.61,74.02,333.94,370.5
39,bicycle,0.9945,135.81,194.75,202.73,247.46
39,car,0.9933,296.71,71.78,500.0,374.0
39,person,0.9824,40.65,207.36,77.84,269.38
39,bicycle,0.9551,12.76,222.77,95.03,280.42
39,car,0.9546,219.48,161.58,238.4,179.5
39,car,0.9421,306.59,80.74,422.77,207.88
39,bicycle,0.6967,95.25,203.78,136.95,250.92
39,bicycle,0.6699,63.47,221.95,94.86,269.91
39,car,0.6243,1.08,232.23,14.27,276.79
39,person,0.5922,40.35,208.37,63.39,257.74
39,bicycle,0.5304,88.92,220.63,98.45,251.76
39,bicycle,0.5287,87.53,211.29,107.54,252.23
39,car,0.5122,5.09,218.55,64.57,265.63
40,person,0.9896,72.59,69.9,299.64,440.44
40,chair,0.926,79.49,345.32,248.94,496.3
40,person,0.8894,73.4,156.38,108.94,218.12
40,chair,0.837,71.76,228.32,301.53,491.7
40,person,0.5603,47.77,168.2,97.12,231.51
41,person,0.9986,282.03,122.99,404.81,293.95
41,person,0.9969,86.5,115.94,205.95,241.79
41,person,0.9962,219.71,125.82,312.43,236.64
42,person,0.8007,25.49,137.34,215.9,325.17
42,tvmonitor,0.576,5.68,51.17,228.45,327.45
43,person,0.9984,101.08,68.63,278.53,464.25
44,person,0.9987,159.36,152.16,221.68,307.62
44,person,0.9984,119.95,158.26,165.24,261.56
44,person,0.998,340.39,164.38,386.96,301.79
44,person,0.9979,446.04,163.91,484.53,303.45
44,person,0.9977,305.91,165.59,333.66,280.28
44,person,0.9975,405.7,143.4,442.36,320.09
44,person,0.9962,231.48,161.65,275.79,279.82
44,person,0.9961,23.02,171.2,94.46,365.57
44,person,0.9959,279.29,160.37,316.1,285.6
44,person,0.9909,21.21,170.12,48.2,281.41
44,person,0.9906,65.32,167.77,116.4,294.03
44,person,0.9706,201.6,166.18,230.91,263.18
44,person,0.9192,20.86,167.52,45.9,226.02
44,person,0.636,452.59,149.19,481.28,193.65
44,person,0.6055,22.57,168.86,72.38,303.55
45,person,0.9982,7.14,29.1,272.44,374.89
45,person,0.9915,220.18,138.23,427.31,375.0
45,sofa,0.7514,0.0,131.48,500.0,373.8
45,chair,0.7193,348.06,52.87,469.33,182.96
45,person,0.6013,77.23,57.22,454.62,375.0
46,person,0.9992,128.35,117.12,348.17,408.52
47,person,0.9908,149.81,73.76,326.09,361.15
47,person,0.9748,15.38,0.0,310.45,375.0
48,person,0.9968,193.72,71.59,308.18,373.07
48,horse,0.9842,119.39,128.73,444.12,381.0
49,person,0.996,6.5,42.05,326.22,383.41
49,diningtable,0.8195,22.85,350.6,332.28,480.33
49,chair,0.589,1.97,248.15,38.07,387.34
49,person,0.5704,113.93,155.37,329.05,371.16
50,chair,0.9909,92.8,6.0,162.69,126.72
50,person,0.9868,245.95,116.78,356.4,250.61
50,person,0.978,125.61,89.74,402.81,332.0
50,person,0.9436,106.26,45.08,259.45,332.0
50,person,0.9407,234.58,122.9,388.96,329.49
50,chair,0.8697,23.01,33.34,114.64,153.01
50,sofa,0.7995,131.11,78.48,500.0,318.26
50,person,0.655,103.31,0.23,137.01,67.44
50,sofa,0.5624,2.46,120.39,424.48,332.0
50,chair,0.5273,11.52,73.05,245.05,331.25
51,person,0.9983,470.33,137.54,499.93,258.33
51,person,0.9979,57.59,126.84,158.42,375.0
51,person,0.9953,1.57,162.65,70.28,372.45
51,car,0.9941,109.94,179.65,435.99,334.96
51,car,0.992,382.65,154.7,497.01,246.58
51,person,0.9787,231.6,172.29,316.58,375.0
51,person,0.9647,52.42,130.03,103.18,277.79
51,person,0.8658,32.99,164.73,63.9,210.35
52,person,0.9979,75.78,71.48,213.48,261.05
52,person,0.9974,277.87,61.57,472.48,264.93
52,person,0.9919,3.08,90.38,99.04,194.52
52,person,0.9874,0.96,101.95,33.81,162.86
52,person,0.9854,478.8,117.52,500.0,159.0
52,person,0.9807,299.57,97.32,347.61,156.83
52,diningtable,0.9778,9.11,238.21,479.47,373.19
52,person,0.9666,90.95,114.34,122.61,151.92
52,person,0.9591,286.99,117.2,308.13,153.5
52,person,0.8752,179.16,119.79,208.1,152.32
52,person,0.8406,406.88,123.52,426.02,144.43
52,person,0.784,204.2,116.57,232.52,146.55
52,person,0.6949,436.62,125.29,449.9,140.47
52,person,0.671,69.64,108.97,82.02,129.01
53,person,0.9988,4.38,114.0,130.5,394.79
53,person,0.9981,204.9,160.34,333.01,458.56
54,person,0.9984,280.71,40.4,472.33,332.0
54,person,0.994,23.8,37.49,250.22,330.09
55,person,0.9922,9.49,63.23,253.23,330.39
55,tvmonitor,0.9862,324.02,16.68,491.91,225.86
56,person,0.9986,323.42,129.61,376.5,272.1
56,person,0.9985,399.62,148.38,446.7,274.85
56,person,0.9979,386.56,146.23,414.37,248.44
56,car,0.9468,428.13,146.53,467.54,178.44
56,car,0.539,413.33,146.18,469.32,165.02
57,person,0.9987,154.11,73.02,327.53,371.6
57,person,0.9973,20.51,167.0,108.07,374.5
57,bicycle,0.8729,1.73,290.56,96.99,373.96
58,horse,0.9984,42.68,83.53,426.92,341.02
58,person,0.9721,237.95,52.02,335.96,182.25
58,person,0.5172,251.26,56.64,335.8,130.96
59,person,0.9969,83.16,201.84,210.87,409.44
60,person,0.9921,4.61,112.57,212.67,372.09
60,person,0.9898,206.59,13.93,485.94,371.93
60,tvmonitor,0.6005,191.3,77.23,328.3,215.74
60,person,0.5353,312.41,7.45,491.76,234.71
61,person,0.9984,203.06,1.54,308.39,199.22
61,horse,0.9965,155.51,65.59,361.55,341.76
62,bottle,0.9955,0.33,171.51,18.14,264.69
62,bottle,0.995,13.97,194.17,41.92,265.57
62,person,0.9947,42.87,79.75,432.74,367.36
62,sofa,0.5964,17.55,242.38,500.0,364.03
62,person,0.5802,4.02,268.39,75.17,375.0
62,sofa,0.5108,261.74,259.47,499.9,370.72
62,sofa,0.5083,425.69,247.63,499.62,367.21
63,person,0.9707,13.05,34.68,261.86,333.37
63,person,0.757,177.83,141.58,271.38,324.13
63,person,0.6894,223.05,163.56,270.12,242.18
63,person,0.68,130.45,64.01,291.26,340.0
64,person,0.9931,0.0,56.72,284.17,499.34
64,motorbike,0.972,279.99,439.7,369.06,499.59
64,person,0.9469,287.28,182.11,373.5,495.13
65,person,0.9961,74.93,197.02,112.75,293.34
65,horse,0.5983,74.08,227.39,113.21,296.71
66,person,0.9958,21.0,34.45,148.44,362.2
66,sofa,0.8302,8.01,224.06,200.73,372.81
66,sofa,0.6411,0.0,236.61,194.03,311.31
66,chair,0.5173,96.17,255.37,209.29,381.37
67,person,0.9958,316.28,77.04,420.4,250.41
67,person,0.9915,58.4,54.82,182.63,299.13
67,chair,0.9129,269.55,148.39,325.97,267.47
68,person,0.9943,62.2,185.82,214.07,357.15
68,bottle,0.9529,221.57,234.66,237.19,275.57
68,chair,0.5676,7.01,256.97,118.85,372.55
68,sofa,0.5002,266.71,180.46,488.81,314.41
69,person,0.9713,32.77,24.17,492.68,355.99
70,car,0.9987,421.76,101.44,499.37,130.7
70,person,0.9984,167.77,12.28,281.78,251.6
70,car,0.9983,343.39,104.39,414.33,134.26
70,car,0.9975,120.7,122.37,203.21,154.53
70,car,0.9974,27.56,136.23,123.96,168.24
70,car,0.9964,269.94,116.16,339.36,141.64
70,car,0.9273,169.94,129.7,215.28,152.51
71,person,0.9344,17.07,119.16,386.92,349.35
71,person,0.7008,80.15,177.01,357.56,288.77
71,dog,0.6908,92.3,56.72,456.85,266.27
72,person,0.9955,42.93,9.15,364.89,368.58
72,person,0.9947,318.12,0.0,500.0,372.82
73,dog,0.6708,15.56,164.66,322.75,415.08
73,person,0.6333,5.48,153.9,332.0,419.56
74,person,0.9973,105.94,101.23,408.77,373.96
75,person,0.9909,0.29,5.46,329.36,332.07
75,person,0.5735,323.9,0.83,492.28,115.53
75,person,0.5484,104.99,10.29,490.58,331.17
76,person,0.997,226.15,4.14,495.01,373.02
76,person,0.9732,210.87,110.62,272.68,276.19
76,person,0.8164,11.42,54.4,260.33,370.97
76,person,0.6204,94.68,10.91,411.94,375.0
76,chair,0.5811,1.0,277.63,46.41,375.0
76,person,0.5466,0.15,83.41,148.34,307.95
76,person,0.5412,177.55,10.38,308.6,375.0
76,person,0.5133,3.55,90.06,104.69,181.27
77,person,0.8481,109.79,52.99,257.48,296.53
78,person,0.9985,272.09,184.03,336.35,282.54
78,person,0.9975,194.87,179.72,268.09,301.45
78,person,0.9944,0.0,64.78,142.52,333.0
78,person,0.991,186.64,174.0,222.36,277.76
78,person,0.9903,1.01,72.33,59.34,333.0
78,person,0.9776,272.02,154.47,285.37,198.0
78,person,0.9453,252.16,187.38,270.58,228.08
79,tvmonitor,0.9932,0.0,41.0,140.33,202.63
79,person,0.991,15.99,100.0,371.52,373.12
79,chair,0.7423,50.52,209.96,363.85,375.0
79,tvmonitor,0.714,323.18,3.47,500.0,127.34
80,person,0.991,151.9,28.43,423.19,370.91
80,person,0.9796,2.02,29.13,196.63,365.54
80,chair,0.7476,157.98,121.34,454.63,370.74
80,person,0.5499,0.5,20.12,115.81,315.47
81,person,0.9993,223.89,227.13,305.12,435.21
81,person,0.9983,136.29,219.75,173.0,320.52
82,bottle,0.9951,223.51,249.39,250.33,317.48
82,person,0.9943,249.11,63.01,491.66,332.83
82,person,0.9902,11.13,36.9,195.07,309.47
83,person,0.9988,270.82,337.72,348.8,487.1
83,person,0.9953,130.42,406.07,152.88,450.82
83,person,0.5671,159.33,402.82,172.19,415.33
84,person,0.9864,81.36,75.85,295.14,363.21
84,person,0.9792,170.17,3.03,457.49,375.0
84,sofa,0.8464,52.72,109.19,500.0,367.72
85,person,0.9985,118.58,76.52,255.02,307.4
85,person,0.996,2.0,38.86,162.69,332.27
85,person,0.9956,228.38,52.95,320.46,293.18
85,person,0.9799,113.73,99.58,145.14,164.37
85,diningtable,0.9764,14.25,301.65,323.34,500.0
85,person,0.8992,66.41,55.63,216.99,328.47
85,person,0.8162,300.11,101.88,332.72,371.69
85,person,0.783,264.59,18.81,330.98,320.81
85,person,0.777,239.61,315.45,333.0,500.0
85,person,0.6734,244.4,124.77,333.0,489.94
86,person,0.9991,120.07,106.95,234.14,331.6
86,person,0.999,218.32,84.07,366.95,333.76
87,person,0.9681,87.36,163.77,363.66,408.84
87,chair,0.8352,0.0,156.82,312.32,499.29
87,chair,0.7562,5.85,324.63,238.16,500.0
87,person,0.6985,49.57,148.06,236.98,402.35
87,chair,0.6612,0.0,158.07,146.02,429.09
88,person,0.7177,14.89,3.89,288.95,347.49
88,horse,0.5205,0.02,126.6,339.92,486.56
89,chair,0.9937,78.12,81.15,119.26,118.78
89,person,0.991,99.86,11.33,434.23,355.99
89,chair,0.7874,126.77,116.39,194.92,194.59
89,chair,0.6784,422.5,113.31,499.91,260.02
90,person,0.9977,86.64,234.01,113.25,315.41
90,person,0.9975,321.53,201.05,358.94,299.48
90,person,0.9949,213.67,204.0,271.78,319.46
90,person,0.9929,259.88,230.32,301.1,305.77
90,pottedplant,0.9914,36.26,254.02,78.07,297.65
90,person,0.9908,455.15,287.26,500.0,374.52
90,person,0.9882,367.67,296.73,485.71,377.37
90,person,0.9848,474.93,185.22,500.0,297.49
90,person,0.977,150.86,235.58,212.35,308.71
90,person,0.97,26.17,291.31,114.83,369.55
90,person,0.9019,253.86,203.68,269.73,242.36
90,pottedplant,0.8925,39.69,23.13,59.99,47.58
90,chair,0.8,267.23,252.46,300.02,302.21
90,person,0.7682,0.76,219.06,10.8,288.22
90,person,0.6505,439.8,191.08,462.86,236.96
90,person,0.6361,237.66,222.54,291.08,315.18
90,person,0.5541,147.93,234.48,180.63,308.55
91,chair,0.997,252.01,119.3,358.76,249.42
91,tvmonitor,0.9949,395.33,95.55,491.63,250.02
91,tvmonitor,0.994,45.5,55.76,110.04,135.88
91,person,0.994,115.43,120.22,320.67,375.0
91,chair,0.8955,332.86,144.52,412.27,279.4
91,chair,0.51,286.59,137.12,382.63,259.15
92,person,0.9971,401.47,188.25,500.0,373.28
92,person,0.9953,343.9,160.99,430.63,371.16
92,person,0.9919,45.53,134.31,203.1,369.26
92,person,0.9913,155.81,153.46,332.54,347.55
92,person,0.991,136.63,47.79,212.78,127.93
92,person,0.9837,58.24,122.93,108.02,239.61
92,person,0.9781,199.46,31.2,293.25,177.61
92,person,0.9738,226.56,156.23,335.85,299.62
92,person,0.9733,390.9,63.91,486.34,193.93
92,person,0.9595,319.14,137.85,380.57,259.33
92,person,0.9565,74.64,58.33,139.47,138.27
92,person,0.9211,267.97,56.73,316.71,171.85
92,person,0.9195,55.94,11.08,131.73,139.46
92,person,0.7455,338.77,148.99,419.78,270.53
92,person,0.7228,134.17,131.65,253.06,356.56
92,person,0.7023,323.34,138.96,389.82,342.03
92,person,0.7017,308.75,96.05,350.09,184.61
92,person,0.6377,50.32,10.85,135.64,247.79
92,person,0.6176,187.16,20.44,318.86,258.02
92,person,0.6112,235.56,151.59,380.91,360.19
92,person,0.5962,131.07,55.76,230.42,199.35
92,person,0.5855,207.08,156.46,254.42,237.09
92,person,0.5763,373.03,33.59,485.9,311.97
92,person,0.5449,340.95,128.63,382.26,208.84
93,person,0.9879,90.56,3.31,490.72,375.0
93,chair,0.6736,0.55,52.38,125.63,276.0
93,bottle,0.5432,143.29,96.6,307.08,271.11
94,person,0.9994,214.14,186.58,305.39,373.18
94,person,0.9987,403.16,223.98,433.83,298.63
94,person,0.998,448.8,233.26,482.1,303.11
94,bicycle,0.9978,181.48,269.53,320.63,375.0
94,person,0.9964,351.09,239.38,365.23,279.24
94,person,0.9912,365.45,221.55,385.14,283.28
94,person,0.9868,383.49,225.57,403.93,291.3
94,person,0.9662,445.31,230.04,465.58,291.84
94,person,0.9545,446.17,229.43,463.75,257.82
94,bicycle,0.9257,175.5,245.9,195.6,279.19
94,bicycle,0.9116,437.6,263.29,476.02,303.42
94,bicycle,0.5125,435.32,255.39,460.96,299.17
95,tvmonitor,0.9942,2.06,38.06,193.14,223.56
95,tvmonitor,0.9924,384.74,195.07,451.89,268.39
95,bottle,0.9919,387.14,268.51,406.97,315.04
95,person,0.9739,251.62,148.51,331.78,247.83
95,tvmonitor,0.9642,264.94,177.4,350.21,249.43
95,bottle,0.8025,350.92,210.65,363.29,234.33
95,chair,0.6358,60.73,320.18,189.68,375.0
95,tvmonitor,0.5659,355.36,230.47,399.47,299.34
96,person,0.9848,28.94,2.23,237.87,500.0
97,person,0.9966,355.29,89.69,385.5,147.54
97,motorbike,0.9929,157.89,113.28,201.36,190.61
97,motorbike,0.9899,80.7,120.13,166.3,266.28
97,person,0.9873,129.37,84.55,163.99,227.91
97,person,0.9733,89.09,91.82,155.85,226.1
97,person,0.972,398.05,95.09,432.1,153.92
97,motorbike,0.9707,393.66,107.11,437.74,167.93
97,motorbike,0.9634,294.1,95.62,341.38,180.75
97,bicycle,0.9585,356.78,112.92,380.73,156.81
97,person,0.9565,40.3,105.43,82.82,165.28
97,person,0.9412,454.32,88.79,471.94,119.81
97,motorbike,0.9277,454.59,95.36,471.84,125.57
97,person,0.9215,353.66,87.53,364.94,109.06
97,person,0.8831,165.33,99.17,198.69,171.96
97,person,0.841,491.48,88.15,500.0,111.15
97,person,0.7156,297.26,85.18,335.17,141.4
97,motorbike,0.6618,485.05,91.15,499.99,112.91
97,person,0.6353,300.89,83.35,333.03,118.35
98,person,0.9693,69.76,36.77,332.14,446.27
98,sofa,0.7539,0.27,104.69,156.05,236.35
98,tvmonitor,0.6863,5.44,247.17,279.11,500.0
98,chair,0.643,3.83,97.4,161.42,253.8
98,sofa,0.5936,12.63,91.64,375.0,348.08
99,person,0.9906,91.43,3.87,495.39,329.44
100,person,0.9846,0.0,5.74,302.62,436.34
100,person,0.9044,36.92,467.24,102.23,499.89
101,person,0.9959,135.9,122.54,193.19,313.48
101,person,0.9953,29.09,161.23,137.79,356.03
101,tvmonitor,0.9883,371.69,152.31,410.84,181.35
101,chair,0.971,120.68,296.78,240.1,374.12
101,chair,0.9664,389.11,249.5,489.16,371.77
101,chair,0.9658,247.11,203.18,302.23,292.25
101,tvmonitor,0.9236,330.75,180.25,388.58,219.29
101,chair,0.8873,274.62,223.53,374.73,353.12
101,chair,0.744,430.02,225.66,499.29,372.12
101,chair,0.7385,201.89,185.73,246.23,268.07
101,chair,0.6536,217.49,211.49,247.81,266.43
101,chair,0.6244,263.9,211.79,337.81,342.86
101,person,0.6146,427.07,197.36,492.6,340.93
101,tvmonitor,0.6115,462.33,195.67,497.68,276.15
102,person,0.9971,96.49,54.35,280.87,332.0
103,person,0.9968,126.04,127.17,290.76,436.04
103,person,0.9966,49.03,61.32,117.21,268.74
103,person,0.9957,2.47,1.0,44.88,143.0
103,person,0.992,116.58,25.45,156.92,187.64
103,person,0.9785,203.12,109.39,254.05,194.8
103,person,0.9515,69.92,16.91,124.44,117.01
103,person,0.9466,39.81,10.1,88.13,142.3
103,motorbike,0.9446,106.35,241.53,286.42,477.54
103,person,0.8898,170.29,88.69,208.95,143.55
103,person,0.8306,222.06,28.76,304.23,188.97
103,person,0.8208,45.31,39.4,83.81,231.14
103,person,0.7678,74.89,4.86,136.34,193.57
103,person,0.723,150.7,56.79,209.87,150.94
103,person,0.5553,153.58,15.09,296.71,205.92
103,person,0.5182,350.27,27.17,373.99,179.11
104,person,0.9983,115.43,125.35,202.25,490.99
104,person,0.9973,46.19,126.5,150.72,500.0
105,car,0.997,462.05,105.69,500.0,133.02
105,car,0.9947,30.03,92.44,87.24,116.26
105,car,0.9937,163.03,92.47,212.67,114.45
105,pottedplant,0.9924,370.72,281.47,431.2,333.0
105,car,0.9915,226.67,97.81,300.26,128.54
105,person,0.9912,260.85,97.15,304.87,161.08
105,pottedplant,0.9814,146.44,99.85,208.55,238.19
105,horse,0.9689,234.43,121.96,318.75,195.71
105,pottedplant,0.9124,422.24,105.83,476.18,242.96
105,pottedplant,0.8851,336.47,297.38,374.2,332.58
105,car,0.8294,289.09,103.96,334.52,129.98
105,pottedplant,0.8006,406.57,246.14,443.53,309.64
105,pottedplant,0.7089,310.41,103.5,415.34,333.0
105,pottedplant,0.678,437.44,219.27,455.03,245.64
105,pottedplant,0.6415,333.06,197.69,395.32,331.54
105,pottedplant,0.6013,362.28,264.55,401.25,331.43
106,person,0.9939,143.91,48.05,235.5,356.42
107,person,0.9987,19.1,111.25,118.38,444.6
107,person,0.9958,274.9,106.66,410.23,452.59
107,person,0.9397,249.5,351.84,277.88,392.9
107,person,0.9321,308.25,382.96,335.6,422.16
107,person,0.9232,228.4,348.82,253.03,393.82
107,person,0.9053,283.6,346.07,314.15,402.33
107,person,0.8989,251.8,373.6,280.05,400.78
107,person,0.8421,300.8,368.93,319.63,406.71
107,person,0.7319,135.88,44.28,273.76,406.79
108,person,0.9938,0.0,2.68,395.54,371.64
109,bottle,0.9979,199.23,68.77,223.2,133.21
109,person,0.9969,77.48,3.09,200.87,251.61
109,bottle,0.9928,395.73,72.13,417.0,136.41
109,bottle,0.9893,381.25,161.77,426.04,264.0
109,person,0.9846,3.3,61.71,98.12,315.45
109,person,0.654,135.33,147.3,154.82,235.27
109,bottle,0.5616,285.26,178.49,335.21,260.85
110,person,0.9988,110.61,43.8,396.02,362.5
110,bottle,0.6566,467.76,86.04,486.95,117.18
110,bottle,0.5623,486.5,87.24,499.09,117.54
111,person,0.9969,114.75,180.24,207.47,330.39
111,chair,0.9966,445.18,243.22,498.79,332.14
111,person,0.9958,241.87,187.47,349.83,331.44
111,person,0.9948,42.25,134.25,82.95,210.03
111,person,0.9946,316.6,163.7,377.47,233.01
111,person,0.9943,102.24,164.17,146.31,229.17
111,person,0.9941,0.65,159.92,32.8,218.61
111,person,0.9939,0.39,212.13,83.65,333.06
111,person,0.9939,452.11,157.81,487.89,228.82
111,person,0.992,358.3,192.86,447.13,296.45
111,person,0.9902,380.04,133.22,416.17,215.07
111,person,0.9894,353.95,253.33,451.13,332.47
111,person,0.9872,170.34,167.25,215.56,225.1
111,tvmonitor,0.9867,284.95,110.35,377.69,166.4
111,person,0.9861,216.18,156.02,265.62,244.94
111,person,0.9822,404.41,182.37,464.89,245.39
111,person,0.9786,80.15,161.48,108.56,226.5
111,tvmonitor,0.9773,81.83,291.42,157.33,333.73
111,person,0.9705,159.44,162.79,181.91,185.89
111,chair,0.9226,96.93,212.39,128.97,261.07
111,person,0.9211,24.72,185.44,81.56,294.66
111,person,0.8898,182.42,162.1,217.17,210.25
111,chair,0.8018,73.92,241.49,120.83,322.44
111,chair,0.6874,445.1,235.49,484.4,282.85
111,chair,0.6314,37.81,233.83,94.04,329.68
111,chair,0.5509,355.67,249.43,452.32,330.46
111,chair,0.5104,78.1,202.41,102.24,243.73
112,person,0.9779,380.08,68.71,456.47,219.64
112,person,0.9424,187.59,201.91,257.29,323.44
112,person,0.9309,201.58,115.53,250.98,210.16
112,person,0.8903,295.51,114.24,447.89,327.78
112,person,0.8124,60.0,122.6,248.56,328.88
112,person,0.7323,3.85,152.66,90.83,325.11
112,person,0.5054,194.79,116.88,263.63,259.54
113,person,0.7627,0.0,53.53,383.79,333.0
113,person,0.6582,199.43,129.09,391.93,333.0
114,person,0.9983,345.49,93.12,500.0,352.02
114,person,0.9966,230.16,49.91,367.74,256.27
114,person,0.992,2.49,11.71,196.83,345.26
114,person,0.9827,105.53,112.08,241.99,249.98
114,person,0.9568,232.18,40.14,291.4,185.08
114,pottedplant,0.9387,193.15,0.56,289.24,119.29
114,chair,0.8127,2.9,270.4,99.22,373.56
114,sofa,0.7906,180.69,2.61,428.68,109.49
114,diningtable,0.6393,23.7,215.61,444.1,366.04
114,person,0.6334,384.6,4.06,499.56,155.43
115,person,0.9975,90.67,20.2,168.49,201.61
115,person,0.5551,67.55,32.93,217.49,284.07
115,person,0.5089,25.3,27.47,163.46,276.75
116,person,0.9983,134.06,9.94,349.61,287.37
116,chair,0.7387,5.77,205.9,168.97,333.0
116,diningtable,0.5147,331.1,199.87,500.0,331.04
117,person,0.9989,418.57,120.31,500.0,374.18
117,person,0.9988,354.45,138.22,426.77,343.04
117,person,0.9985,277.72,131.84,348.32,354.58
117,person,0.9982,24.73,127.6,81.9,288.45
117,person,0.9965,170.93,133.47,245.53,357.23
117,person,0.9958,147.74,124.19,200.01,335.65
117,person,0.9925,75.93,137.93,157.54,306.71
117,person,0.9808,0.65,127.62,34.57,283.86
117,person,0.9557,111.97,129.35,159.63,198.24
117,tvmonitor,0.9507,2.31,271.81,178.97,375.0
117,person,0.7221,102.57,130.27,160.56,266.22
118,person,0.9976,293.94,167.64,392.68,374.83
119,person,0.9978,56.32,73.87,163.19,285.54
119,person,0.9972,250.64,53.42,384.91,283.21
119,horse,0.985,247.48,130.84,405.01,333.0
119,horse,0.9746,37.71,178.59,146.13,333.0
119,pottedplant,0.6563,42.99,148.65,73.19,194.24
120,person,0.9992,166.51,40.92,316.25,263.22
120,bicycle,0.9954,121.51,135.88,389.62,332.29
120,person,0.9296,77.88,157.73,107.82,228.03
121,person,0.9993,243.44,170.38,369.32,375.0
122,person,0.9991,338.7,107.38,401.63,280.05
122,person,0.9986,400.47,83.41,500.0,333.78
122,motorbike,0.9981,202.54,149.39,292.73,275.55
122,person,0.9943,218.25,102.76,285.93,244.96
122,person,0.9826,203.63,107.71,243.34,203.03
122,person,0.9824,473.14,92.01,499.9,180.7
122,person,0.9699,267.61,114.27,305.19,192.91
122,person,0.6398,259.95,107.13,299.8,236.51
122,person,0.5987,405.46,119.77,416.0,142.76
123,person,0.9992,97.22,67.15,252.8,499.3
124,person,0.9991,211.98,133.79,314.17,359.22
124,person,0.9987,120.68,91.22,223.93,322.59
124,person,0.9977,28.83,133.99,91.82,336.64
124,person,0.9967,368.04,192.31,389.93,232.65
124,person,0.9952,8.54,126.96,58.11,285.58
124,person,0.9944,98.78,138.82,134.93,267.02
124,person,0.9937,418.72,147.29,449.07,184.75
124,person,0.9909,340.65,176.88,362.84,231.77
124,person,0.8771,88.07,159.77,107.06,240.18
124,person,0.7624,345.52,196.2,359.52,232.59
124,person,0.741,289.08,181.24,308.38,223.08
125,person,0.9992,0.6,72.0,110.21,419.48
125,person,0.9985,94.29,72.21,196.03,346.12
125,person,0.9976,385.51,58.15,499.97,418.1
125,person,0.997,258.94,90.91,292.51,188.39
125,person,0.9965,229.11,89.98,264.98,230.29
125,person,0.9957,194.39,94.1,240.63,238.89
125,person,0.9936,284.31,94.52,328.97,189.65
125,person,0.9885,330.04,56.77,421.1,181.9
125,person,0.9752,328.0,85.2,354.77,176.84
125,person,0.9697,158.33,86.49,195.36,187.23
125,person,0.9586,55.37,88.96,88.81,152.24
125,person,0.8878,332.63,115.68,413.49,417.68
125,person,0.8828,55.17,89.55,107.31,183.87
125,person,0.8671,53.48,59.93,101.04,109.17
125,person,0.7141,280.87,89.66,303.5,189.77
125,person,0.677,334.63,63.24,392.94,151.72
125,person,0.5872,158.1,84.82,196.89,137.0
125,dog,0.5785,329.56,192.11,404.77,386.31
125,person,0.5762,95.57,84.09,123.2,114.9
125,person,0.5752,83.52,96.27,109.64,170.05
125,person,0.5688,217.0,86.91,235.4,113.93
125,person,0.526,244.52,90.07,283.23,207.16
126,horse,0.7863,28.77,111.07,215.54,425.17
126,person,0.7515,62.31,81.69,151.57,238.32
127,person,0.9958,217.73,153.66,393.11,484.9
127,person,0.9802,337.68,145.33,392.58,299.35
127,person,0.9651,279.3,113.03,337.29,202.41
127,person,0.85,273.59,143.14,363.69,310.03
127,person,0.788,346.71,134.24,384.66,185.76
128,car,0.9881,261.44,132.28,333.0,242.45
128,person,0.9111,1.68,81.07,313.75,431.62
128,car,0.724,76.28,149.03,140.45,200.42
129,person,0.9453,121.52,7.64,405.2,305.13
129,diningtable,0.9217,0.0,262.72,396.17,375.0
129,bottle,0.8512,162.21,319.44,202.25,374.68
129,diningtable,0.5317,0.0,345.9,142.98,375.0
129,chair,0.5284,337.95,213.56,499.15,375.0
129,diningtable,0.527,344.87,50.7,492.65,156.86
130,person,0.8362,0.0,8.34,500.0,448.03
131,person,0.9947,207.26,138.06,417.6,330.34
131,person,0.9906,337.83,175.5,486.99,366.53
131,person,0.9798,2.8,166.95,142.07,364.25
131,diningtable,0.6879,38.96,257.84,349.99,368.78
131,person,0.6365,413.12,171.33,479.73,270.39
131,chair,0.5173,1.28,332.0,87.23,374.14
132,person,0.9916,25.78,53.75,281.11,382.15
132,person,0.8227,94.54,67.09,221.12,360.66
133,person,0.9994,211.19,15.58,273.28,169.59
133,person,0.9993,1.99,58.09,50.28,177.36
133,person,0.9993,112.8,40.42,227.94,275.89
133,bicycle,0.9992,2.88,103.01,52.38,206.01
133,person,0.999,66.59,25.59,97.49,100.87
133,car,0.9975,333.79,16.52,494.51,143.05
133,bicycle,0.9975,218.75,90.25,269.27,190.69
133,car,0.9958,225.32,1.73,303.65,66.09
133,person,0.9879,453.24,33.4,498.64,267.31
133,bicycle,0.987,444.77,129.9,497.38,293.96
133,bicycle,0.9806,151.13,147.63,231.33,330.22
133,person,0.9802,155.58,21.56,180.34,76.2
133,bicycle,0.9446,70.63,61.86,98.45,105.99
133,person,0.9088,109.23,42.6,149.56,137.09
133,person,0.7579,198.64,13.59,219.18,58.21
133,person,0.7359,180.83,18.13,195.37,61.67
133,person,0.6301,109.0,41.65,137.72,99.52
134,bicycle,0.9974,276.27,233.95,308.61,256.24
134,person,0.9968,282.75,215.55,301.02,243.23
134,person,0.9964,210.16,212.98,230.03,262.62
134,bicycle,0.9444,213.54,236.12,234.03,262.89
135,person,0.9985,139.69,58.74,363.63,325.57
135,bicycle,0.9967,86.64,209.02,445.21,332.92
135,bottle,0.8836,214.45,296.42,263.01,332.03
135,bicycle,0.5817,258.74,224.73,456.08,332.25
136,person,0.9993,319.99,153.47,392.62,339.39
136,person,0.9975,243.07,159.24,257.59,195.2
136,bicycle,0.9738,312.88,218.89,403.07,367.82
136,bicycle,0.949,246.08,175.46,256.55,199.14
137,person,0.9989,284.26,90.71,375.37,371.08
137,person,0.9976,143.12,99.63,235.48,359.86
137,person,0.9968,227.9,99.32,302.53,362.04
137,person,0.9957,69.65,138.71,136.24,257.05
137,car,0.9926,406.93,117.47,479.51,139.73
137,person,0.9632,113.82,143.2,161.05,257.24
137,person,0.8729,117.91,141.79,148.18,180.04
137,bicycle,0.87,34.63,121.45,73.06,153.49
137,bottle,0.8559,442.31,227.18,452.25,254.81
137,person,0.8278,101.53,100.7,128.61,144.1
137,car,0.7532,357.34,115.75,383.98,132.56
137,bicycle,0.7252,30.74,123.74,54.37,153.83
137,person,0.6119,116.86,143.15,149.81,212.15
138,person,0.9957,69.71,0.0,375.0,500.0
138,person,0.9842,26.55,33.78,49.19,82.92
138,person,0.9784,54.47,0.0,78.43,79.68
139,person,0.9973,257.45,112.9,330.56,384.21
139,person,0.9967,5.27,55.25,120.71,393.23
139,person,0.9957,90.58,42.87,285.62,357.33
139,person,0.8516,139.91,51.86,240.84,352.34
139,person,0.5465,200.64,86.34,313.73,376.01
140,person,0.995,28.86,59.09,255.73,473.47
140,bottle,0.9934,196.2,379.96,240.3,476.41
140,car,0.7156,2.02,1.61,151.97,40.12
141,person,0.9971,183.52,28.89,431.13,313.04
141,chair,0.5786,222.47,189.01,271.97,288.71
141,chair,0.521,133.27,162.22,253.12,295.89
142,person,0.9989,47.77,221.99,201.22,332.99
143,person,0.9885,5.04,59.81,292.88,500.0
143,person,0.7301,5.5,63.53,229.56,333.87
144,person,0.9993,205.56,49.23,262.05,162.11
144,person,0.9979,109.41,52.39,145.44,137.25
144,person,0.9977,19.87,46.04,50.89,125.32
144,person,0.9976,349.75,47.84,398.28,156.51
144,person,0.9973,76.38,49.48,114.72,133.72
144,person,0.997,257.85,34.48,373.91,270.22
144,person,0.9747,259.61,53.91,285.96,162.43
144,person,0.8392,243.82,64.63,264.08,117.31
144,car,0.8186,175.62,49.48,198.61,64.44
144,car,0.8079,203.91,47.91,215.41,59.84
144,person,0.6873,244.09,64.1,262.59,90.55
144,person,0.5868,246.56,57.27,283.02,134.03
145,person,0.999,245.4,176.84,337.0,441.56
145,person,0.9986,85.24,148.72,235.84,454.17
145,person,0.9984,385.86,165.01,415.49,251.98
145,person,0.9969,422.16,161.8,458.11,259.08
145,person,0.9933,55.16,174.49,88.06,247.16
145,person,0.9863,414.29,169.32,434.85,249.37
145,person,0.9719,345.69,176.92,364.93,223.13
145,person,0.9717,81.3,169.96,100.54,240.62
145,person,0.9402,313.24,170.92,329.28,215.49
145,person,0.6039,370.31,170.67,385.24,215.45
146,person,0.9993,77.65,60.99,161.55,210.03
146,bicycle,0.9971,82.75,129.41,161.13,242.01
147,person,0.985,235.66,122.92,390.83,293.7
147,person,0.8823,228.95,210.65,334.56,300.12
148,car,0.9977,0.0,23.04,111.74,142.97
148,person,0.9973,157.94,24.45,307.25,280.89
148,car,0.992,465.53,0.0,500.0,123.73
148,person,0.9358,303.13,0.0,473.97,200.41
148,car,0.9343,78.94,34.65,177.38,105.3
148,motorbike,0.7169,287.83,60.53,497.84,273.03
149,person,0.9959,111.92,0.0,318.9,500.0
149,bicycle,0.963,21.62,199.45,452.0,489.67
149,bicycle,0.8056,13.34,193.66,225.18,478.06
150,person,0.9994,155.28,130.62,215.01,235.75
150,bicycle,0.9673,141.59,180.29,221.05,254.52
151,person,0.9995,248.96,165.46,278.57,249.29
151,person,0.9978,168.28,165.72,200.14,240.08
151,person,0.9954,197.5,166.55,216.26,226.88
151,person,0.9944,234.8,163.31,254.76,227.76
151,person,0.9869,160.74,159.3,180.2,219.77
151,person,0.9788,210.72,164.96,224.61,221.19
152,person,0.9977,134.58,246.61,212.6,367.26
152,person,0.99,48.25,251.95,79.24,293.0
152,person,0.9757,242.47,344.51,289.94,401.44
152,person,0.8772,241.25,347.47,297.14,443.39
152,train,0.6748,7.39,3.52,326.72,322.11
152,motorbike,0.5576,285.91,370.29,333.18,431.35
152,person,0.5294,304.66,343.57,332.78,389.99
153,person,0.9989,349.81,211.68,415.86,316.38
153,person,0.9986,55.77,216.92,84.82,294.44
153,motorbike,0.9982,307.4,244.08,457.06,339.05
153,person,0.998,22.0,222.14,50.76,299.04
153,person,0.9979,86.57,218.39,122.23,301.09
153,person,0.9424,125.38,216.89,144.21,258.3
153,person,0.9002,1.06,230.91,9.15,288.64
153,person,0.6353,338.55,217.13,386.92,311.68
153,person,0.5125,350.9,219.21,375.29,254.72
154,person,0.9776,4.43,41.12,349.66,440.6
154,tvmonitor,0.8234,21.35,293.25,335.0,496.26
154,person,0.6922,0.0,223.21,231.18,491.21
154,person,0.6282,11.14,37.07,213.44,350.96
154,person,0.5442,326.49,110.89,384.73,398.97
155,person,0.9944,71.96,22.6,482.82,375.0
156,person,0.994,41.61,0.0,284.61,496.06
156,bottle,0.5749,217.09,348.49,277.26,444.39
157,person,0.9918,61.48,0.0,224.97,438.62
157,person,0.5865,53.39,184.5,236.88,499.37
157,person,0.5214,65.79,0.0,209.39,229.47
158,person,0.9979,133.69,158.42,205.35,252.38
158,person,0.9972,54.05,146.24,75.01,198.52
158,person,0.9958,220.82,168.03,247.05,251.56
158,person,0.9954,93.62,159.34,115.12,219.59
158,person,0.9952,201.99,164.07,226.66,232.63
158,person,0.9944,425.26,202.39,493.0,340.15
158,person,0.9938,469.51,183.09,499.93,294.37
158,person,0.9933,385.87,170.1,416.61,247.26
158,person,0.993,72.17,149.59,95.41,205.95
158,person,0.9901,276.72,171.23,308.38,256.5
158,person,0.9891,249.06,174.25,288.4,274.64
158,person,0.9888,408.19,168.99,452.19,259.4
158,person,0.9847,361.75,154.51,386.07,233.44
158,person,0.979,332.12,172.03,369.01,277.64
158,person,0.9729,312.91,175.9,348.53,283.81
158,person,0.959,404.07,134.99,416.07,166.45
158,person,0.9514,419.21,133.66,433.98,171.11
158,person,0.9111,205.08,146.68,219.33,173.17
158,person,0.8911,133.02,146.13,152.63,195.52
158,person,0.8802,431.86,131.59,443.35,165.74
158,person,0.8382,216.8,142.52,232.66,173.48
158,person,0.7952,170.86,147.54,189.56,175.51
158,person,0.7809,240.58,154.66,262.1,201.48
158,person,0.7646,492.84,132.73,500.0,160.52
158,person,0.7489,107.94,143.96,124.84,198.87
158,person,0.7296,447.33,131.82,460.16,167.28
158,person,0.7194,284.21,152.39,302.37,176.62
158,person,0.7153,362.41,132.71,373.61,166.19
158,person,0.6934,84.47,144.93,98.05,172.19
158,person,0.6298,449.36,193.35,497.75,319.63
158,person,0.6234,381.28,137.31,398.3,168.58
158,person,0.6017,230.15,150.58,247.59,174.57
158,person,0.5896,186.66,148.93,202.15,180.74
158,person,0.5715,120.9,145.56,135.06,178.67
158,person,0.5334,279.3,137.59,288.95,158.03
159,person,0.9992,128.86,125.19,235.76,312.03
159,person,0.9928,126.66,20.86,172.64,146.96
159,person,0.9897,229.06,31.45,272.96,198.17
159,person,0.9782,277.63,32.97,327.11,127.86
159,person,0.9678,74.82,8.16,110.71,106.12
159,person,0.8714,207.36,22.76,234.93,109.04
160,person,0.9987,116.62,207.25,231.16,500.0
160,bottle,0.5397,262.38,311.58,270.11,334.4
161,person,0.9976,71.36,273.27,241.68,494.45
161,person,0.997,192.58,148.24,248.94,336.04
161,person,0.9946,241.59,158.1,319.07,412.16
161,person,0.9944,57.21,147.69,104.74,339.78
161,person,0.9942,73.82,119.12,176.45,354.12
161,person,0.9935,23.91,148.27,69.26,329.15
161,person,0.987,271.69,145.23,372.45,476.84
161,person,0.9839,1.43,134.21,22.61,347.05
161,person,0.9743,170.71,153.94,205.47,238.67
161,person,0.9724,226.97,149.03,251.5,184.94
161,person,0.9702,13.09,158.14,31.98,263.11
161,person,0.9564,232.04,161.47,282.62,344.18
161,person,0.9382,9.04,151.14,31.69,335.71
161,person,0.8168,71.98,166.57,226.27,432.05
161,person,0.7321,311.49,138.35,373.63,368.82
161,person,0.6571,0.46,137.99,17.96,269.25
161,person,0.6401,167.57,152.9,199.32,297.97
161,person,0.5706,81.47,263.06,198.92,401.56
162,person,0.9977,10.06,52.69,56.32,188.38
162,person,0.9956,288.9,80.15,392.8,217.29
162,person,0.9944,52.41,1.73,191.1,302.28
162,person,0.9922,374.91,55.63,423.5,175.34
162,person,0.9878,465.81,79.64,499.54,190.75
162,person,0.9851,311.43,51.82,334.75,91.57
162,person,0.9827,415.73,57.45,464.62,190.06
162,person,0.9774,187.24,12.54,301.57,198.82
162,person,0.9763,43.76,51.56,100.35,185.72
162,person,0.9686,292.74,56.65,310.5,94.95
162,person,0.9633,352.87,50.29,380.12,103.18
162,person,0.9539,168.1,59.32,203.02,169.39
162,person,0.9441,270.01,81.28,303.21,163.41
162,person,0.9391,410.43,54.21,426.2,83.02
162,person,0.9353,450.48,68.15,475.48,189.75
162,bottle,0.8959,170.91,5.32,181.78,29.18
162,person,0.8792,334.04,53.1,355.07,85.19
162,person,0.8615,43.31,53.26,67.14,181.08
162,person,0.8314,455.75,73.04,488.77,191.67
162,person,0.7975,1.33,77.87,19.85,193.28
162,person,0.7895,353.85,72.07,401.76,182.69
162,person,0.7852,236.42,78.57,276.88,161.56
162,person,0.7324,40.85,51.36,56.23,72.51
163,person,0.9991,135.6,39.27,296.56,331.8
163,person,0.9957,293.32,35.77,478.75,330.35
163,chair,0.7951,378.35,128.29,492.94,332.6
163,person,0.7687,292.68,117.22,421.93,325.13
163,person,0.5852,352.52,24.42,473.12,208.37
164,person,0.993,128.76,206.91,141.25,228.13
164,person,0.99,100.71,200.52,112.98,228.25
164,person,0.987,119.4,202.48,129.07,229.11
164,person,0.964,222.69,141.78,496.7,374.56
164,person,0.7896,111.83,201.63,118.78,226.79
164,bottle,0.6766,285.37,153.53,357.64,185.15
164,person,0.5952,4.28,215.13,25.4,276.66
165,person,0.9909,235.65,0.08,481.53,247.58
165,chair,0.7618,107.14,281.86,158.01,331.35
165,chair,0.5118,61.62,280.43,108.96,329.43
166,car,0.9989,349.54,231.68,421.28,251.19
166,person,0.9981,162.75,57.95,259.64,222.55
166,motorbike,0.9958,154.52,110.86,262.66,260.54
167,person,0.9981,0.55,209.22,64.73,372.92
167,person,0.9946,82.92,103.96,127.46,220.35
167,person,0.991,140.65,103.7,182.47,260.24
167,person,0.9719,0.56,175.55,56.58,270.0
167,person,0.9586,162.32,130.29,199.77,259.35
167,person,0.9454,148.96,78.28,213.29,263.62
167,person,0.9283,157.89,77.41,349.22,353.61
167,person,0.8869,62.62,180.0,117.97,261.21
167,person,0.8567,298.47,75.21,376.06,204.66
167,person,0.6754,161.41,90.56,320.25,252.57
168,person,0.9994,200.84,147.29,275.57,294.86
168,bicycle,0.9975,202.8,207.08,271.87,324.61
169,horse,0.9973,27.49,72.41,404.22,314.78
169,person,0.99,201.05,23.87,328.44,169.76
169,horse,0.5269,25.49,100.18,234.64,308.55
170,person,0.9944,2.49,95.33,69.16,234.46
170,person,0.9924,13.36,23.83,287.09,394.57
170,diningtable,0.5646,88.78,322.81,375.0,500.0
171,person,0.9989,270.78,112.77,348.32,375.0
171,person,0.9984,204.64,145.19,282.27,374.57
171,person,0.5232,244.1,132.98,320.28,375.0
172,person,0.9979,191.96,185.57,235.14,310.07
172,person,0.9886,325.05,210.89,336.32,239.7
172,person,0.9684,337.27,210.68,345.63,237.03
172,person,0.9559,347.3,210.73,355.71,238.29
172,person,0.7187,354.82,210.87,362.61,234.24
172,person,0.5998,339.34,210.21,352.54,237.51
173,person,0.999,271.78,156.07,297.77,231.93
173,person,0.9988,287.12,135.16,368.7,365.64
173,person,0.9988,34.83,133.16,107.35,352.13
173,person,0.9987,254.22,149.63,278.24,222.18
173,person,0.9981,171.11,120.51,249.05,294.43
173,person,0.9977,373.38,151.32,400.63,215.39
173,person,0.9959,133.33,139.3,207.61,370.37
173,person,0.9849,348.66,154.43,376.14,219.74
173,person,0.983,14.64,144.05,55.69,292.43
173,person,0.9823,4.72,153.42,29.31,304.62
173,person,0.9739,291.17,143.81,309.91,171.09
173,person,0.9225,1.4,158.17,20.21,339.9
173,person,0.6417,337.61,148.11,352.19,172.89
173,person,0.631,365.95,147.88,377.69,169.17
173,pottedplant,0.6213,425.97,131.15,500.0,295.2
173,sofa,0.5593,426.35,136.63,497.79,321.29
173,person,0.5161,262.69,154.16,288.22,224.98
173,person,0.5117,39.89,112.06,96.48,188.44
173,person,0.5025,0.62,157.28,14.21,287.2
174,person,0.9372,270.73,132.95,334.5,329.5
174,person,0.7719,314.09,139.62,338.75,171.13
175,person,0.9989,317.8,150.42,346.21,203.11
175,person,0.9989,248.4,161.76,286.99,234.82
175,person,0.9982,431.92,149.68,464.21,238.16
175,person,0.9939,465.03,158.02,487.2,203.25
175,person,0.9932,208.32,133.59,226.42,177.4
175,person,0.9853,418.11,165.34,432.96,202.69
175,person,0.9783,270.28,141.15,283.74,177.35
175,person,0.9679,232.89,139.53,245.87,176.24
175,person,0.9672,195.12,146.68,209.97,176.36
176,person,0.9985,2.63,150.36,157.7,374.76
176,person,0.9975,296.04,145.28,337.78,298.24
176,person,0.9974,142.66,140.3,164.82,211.63
176,person,0.9972,212.05,133.45,249.52,291.46
176,person,0.9972,266.49,147.6,308.39,300.3
176,person,0.9968,232.55,156.49,278.95,304.48
176,person,0.9943,160.01,138.89,185.37,222.03
176,person,0.9831,403.65,136.48,422.92,189.45
176,person,0.982,413.18,137.52,428.71,188.74
176,person,0.9793,169.95,137.78,190.49,216.49
176,person,0.9693,330.4,139.56,346.99,182.21
176,person,0.9577,136.46,142.08,147.2,170.59
176,person,0.9441,466.39,162.54,486.58,197.59
176,person,0.8612,358.8,137.37,368.37,172.13
176,person,0.7131,490.18,148.16,500.0,195.03
176,person,0.6662,263.67,129.05,289.21,180.38
176,person,0.5931,171.66,137.6,191.45,176.21
176,person,0.5545,419.63,139.45,429.1,182.0
177,person,0.9988,242.97,168.31,320.43,335.45
177,person,0.9985,413.1,167.28,500.0,347.59
177,person,0.9978,174.29,177.86,248.63,331.09
177,person,0.9972,81.22,169.36,175.0,325.01
177,person,0.9971,12.91,169.35,94.48,303.27
177,person,0.9824,335.01,151.49,351.39,185.59
177,person,0.9557,280.73,124.45,298.75,169.49
177,person,0.9443,237.72,123.86,256.81,161.0
177,person,0.9393,353.83,147.55,369.09,180.08
177,person,0.9112,2.05,167.4,24.76,259.76
177,person,0.8781,364.99,163.05,381.05,197.19
177,person,0.8626,246.57,145.38,262.72,173.83
177,person,0.8397,134.3,160.56,152.44,193.22
177,person,0.8179,212.31,146.17,225.91,181.62
177,person,0.7498,304.88,146.49,318.71,171.1
177,person,0.73,5.61,168.59,63.76,280.55
177,person,0.6015,19.38,161.11,47.43,233.9
177,person,0.5648,488.78,128.36,500.0,154.94
177,person,0.5391,437.96,154.48,461.87,193.41
177,person,0.5091,487.62,147.71,499.75,176.77
178,person,0.9989,1.8,102.57,118.19,396.55
178,person,0.9973,189.7,125.28,216.72,204.7
178,person,0.9972,250.66,125.97,285.1,209.53
178,person,0.9965,147.89,135.98,174.9,195.02
178,person,0.9962,237.19,132.71,258.65,206.74
178,person,0.991,215.37,133.67,239.36,200.85
178,person,0.985,173.78,163.55,194.21,198.64
178,person,0.7527,292.4,171.41,307.45,200.48
178,person,0.7147,282.49,172.66,293.71,199.76
179,person,0.9983,0.0,159.49,220.91,372.36
179,person,0.9811,394.57,153.38,498.65,352.33
179,chair,0.7008,238.53,206.74,474.04,375.0
179,person,0.5925,275.46,150.52,488.83,353.67
179,sofa,0.5891,231.33,190.08,500.0,371.78
180,person,0.9962,181.99,95.24,276.11,229.09
180,person,0.9961,1.35,68.07,239.34,359.98
180,bottle,0.9826,278.09,116.91,333.06,293.67
180,tvmonitor,0.9743,365.56,38.17,499.78,363.28
180,person,0.9092,142.4,80.14,223.73,224.05
180,person,0.8912,152.51,77.67,209.44,166.76
180,bottle,0.6991,269.56,128.39,352.43,358.84
180,person,0.6597,122.82,78.74,272.02,254.51
181,person,0.9991,4.76,80.32,260.18,333.0
182,person,0.9983,53.34,52.22,235.18,352.81
182,bicycle,0.9753,41.14,211.67,258.31,424.0
182,bicycle,0.7803,29.45,221.38,190.57,360.89
183,person,0.9974,74.08,25.16,455.54,373.26
183,bottle,0.9457,184.02,138.32,248.65,249.69
184,person,0.9994,11.76,175.1,208.57,371.96
185,person,0.9828,37.74,12.24,382.97,463.0
185,person,0.5969,149.26,4.72,388.13,270.19
186,person,0.943,80.93,135.13,199.52,373.67
187,person,0.9847,151.33,124.95,324.94,284.16
187,chair,0.9057,84.71,274.26,243.04,372.89
187,diningtable,0.842,92.5,253.08,476.66,373.73
187,sofa,0.6238,1.06,185.35,126.93,367.78
187,chair,0.5799,393.35,217.9,475.7,249.27
187,sofa,0.5252,93.0,225.17,447.57,365.19
187,chair,0.5189,4.03,209.66,128.39,369.13
188,person,0.9995,314.39,112.9,496.84,375.0
188,person,0.9962,137.97,118.17,333.16,358.18
188,person,0.9929,95.36,85.31,174.26,162.71
188,person,0.9882,3.41,107.76,113.82,371.0
188,person,0.899,0.84,90.16,58.81,366.62
188,person,0.7623,149.64,137.25,179.91,163.82
188,sofa,0.6514,0.0,107.39,279.97,354.21
189,person,0.9991,324.26,158.69,377.52,324.72
189,person,0.9991,181.55,173.3,284.58,375.0
189,person,0.9989,393.87,182.42,446.55,332.35
189,car,0.9944,276.13,176.46,298.99,196.17
190,person,0.9858,50.73,54.23,350.09,332.78
190,person,0.9732,200.09,55.59,491.33,334.74
191,tvmonitor,0.9724,113.26,92.99,160.75,133.07
191,chair,0.9379,1.45,171.7,38.34,251.69
191,person,0.9379,76.5,80.97,144.79,236.68
191,chair,0.9366,314.33,63.91,371.45,190.76
191,chair,0.8977,79.94,104.37,153.95,237.93
191,chair,0.8321,21.37,166.71,67.66,260.78
191,chair,0.8071,250.69,71.25,368.14,200.93
191,tvmonitor,0.7213,98.18,89.36,168.62,145.07
191,chair,0.5933,254.19,118.22,313.29,198.79
192,person,0.9943,161.04,124.33,384.41,375.0
192,sofa,0.8866,134.67,209.51,500.0,375.0
193,person,0.9949,163.67,176.52,343.5,419.51
194,person,0.9992,291.65,93.3,326.93,172.46
194,person,0.9987,163.31,113.46,183.06,166.38
194,person,0.9975,368.94,98.0,399.85,157.26
194,person,0.9892,62.71,112.29,95.33,175.02
194,horse,0.978,251.0,121.53,374.14,221.4
194,horse,0.9549,55.42,135.76,96.4,208.37
194,horse,0.8629,156.87,134.96,214.12,202.34
194,horse,0.7847,368.53,136.98,438.05,210.97
194,person,0.7843,97.64,159.33,107.7,178.92
194,person,0.676,106.62,156.35,122.91,179.55
194,person,0.6683,46.69,153.97,56.49,176.3
194,person,0.6641,133.01,140.44,156.9,202.92
194,person,0.6342,123.45,155.29,131.8,178.96
194,dog,0.5653,370.35,136.23,439.93,209.22
194,person,0.5471,105.57,157.18,114.01,175.18
195,person,0.9983,85.01,93.22,259.08,500.0
195,person,0.9971,226.73,99.98,332.26,431.9
195,car,0.5512,7.27,90.96,129.67,194.59
196,person,0.9976,225.23,200.84,314.45,308.19
196,person,0.9974,283.45,49.29,354.12,290.97
196,car,0.9868,218.8,151.03,286.92,208.31
196,motorbike,0.9328,134.81,162.69,228.64,330.91
196,car,0.7921,191.3,161.96,213.98,180.25
197,person,0.999,405.09,144.73,472.82,262.76
197,person,0.9981,69.48,145.14,110.95,234.01
197,bicycle,0.998,68.41,183.29,107.48,257.25
197,person,0.998,257.75,140.51,376.12,369.85
197,bicycle,0.9973,234.36,251.61,381.84,375.0
197,bicycle,0.9968,108.48,171.03,141.13,219.57
197,person,0.9953,217.55,146.61,258.35,216.03
197,person,0.9939,112.96,141.71,143.58,207.76
197,bicycle,0.9917,154.44,172.9,185.76,212.74
197,bicycle,0.9913,380.17,198.45,482.94,284.61
197,person,0.9905,1.1,143.44,15.78,213.94
197,person,0.9896,367.94,158.93,409.61,235.6
197,bicycle,0.9894,213.06,174.69,260.7,235.25
197,person,0.9849,164.54,150.35,185.8,201.64
197,car,0.9752,140.89,149.74,213.59,193.25
197,car,0.9745,193.77,150.67,309.16,204.19
197,car,0.9628,248.82,151.5,305.32,206.01
197,bicycle,0.9389,0.95,167.82,12.01,223.62
197,car,0.889,40.56,156.03,70.27,175.8
197,bicycle,0.8877,23.85,163.64,41.5,186.88
197,person,0.8774,22.94,146.65,41.74,182.48
197,car,0.8707,96.22,155.02,120.29,182.35
197,bicycle,0.785,359.2,196.41,413.38,268.94
197,person,0.7845,156.54,151.81,180.04,207.72
197,car,0.7201,110.14,150.26,329.82,198.67
197,car,0.6728,438.19,139.25,500.0,218.68
197,car,0.5139,14.99,150.03,46.7,172.64
198,person,0.9781,44.92,24.88,261.95,333.0
198,person,0.7142,50.31,38.44,459.67,332.44
199,person,0.9987,1.03,56.58,207.72,303.0
199,person,0.9976,244.48,30.55,497.08,301.04
199,chair,0.9871,157.53,150.23,209.6,187.36
199,bottle,0.9749,156.84,181.16,222.09,303.0
199,chair,0.8599,138.85,161.92,249.38,292.37
199,chair,0.6375,143.6,126.64,164.1,183.11
200,person,0.994,117.86,52.7,321.67,296.98
200,person,0.983,153.99,170.56,258.98,299.09
200,pottedplant,0.87,0.0,155.35,82.91,273.86
200,chair,0.7445,190.38,218.67,283.92,300.0
201,person,0.998,165.84,203.62,198.62,269.72
201,person,0.9672,162.0,197.21,171.27,210.8
201,person,0.5728,138.09,198.54,144.88,212.62
201,person,0.5096,132.62,198.69,140.1,215.1
202,person,0.9967,0.0,14.38,382.28,369.1
203,person,0.9986,183.37,145.42,288.79,300.05
204,person,0.9968,121.53,24.26,369.95,332.06
204,chair,0.9791,373.99,150.46,499.69,311.81
204,chair,0.9719,5.21,145.06,134.77,333.0
204,bottle,0.7227,94.76,81.79,105.5,115.39
204,bottle,0.6703,83.2,96.58,92.22,114.8
204,chair,0.6533,1.27,138.22,85.73,294.81
205,person,0.9972,137.6,110.87,202.67,225.66
205,person,0.9924,76.65,75.52,151.94,206.5
205,person,0.9909,3.28,142.42,229.33,482.78
205,diningtable,0.5393,48.53,171.31,409.34,496.45
206,person,0.9953,163.79,146.46,317.57,439.1
206,person,0.9633,72.02,0.0,311.37,265.58
206,person,0.7311,79.51,150.42,281.69,444.61
206,person,0.5644,60.65,143.89,202.2,397.18
207,person,0.9953,195.44,134.63,251.96,227.17
207,motorbike,0.9951,185.68,173.04,276.6,252.8
208,person,0.9995,211.35,118.77,330.67,333.8
209,person,0.9992,60.46,161.64,142.34,325.68
209,person,0.9988,246.93,163.94,318.87,369.59
210,person,0.9778,21.32,1.9,349.76,500.0
211,person,0.9976,7.61,14.61,257.96,496.33
211,aeroplane,0.5419,239.01,165.84,290.65,205.75
211,person,0.5322,0.0,15.5,208.95,252.83
212,person,0.9983,90.27,104.87,259.18,381.0
213,person,0.998,93.41,83.78,185.77,336.0
213,person,0.8166,92.75,79.65,386.86,336.0
213,bottle,0.704,152.68,99.65,372.07,333.97
214,person,0.9989,75.16,70.83,234.5,332.0
214,person,0.9977,239.51,109.8,388.62,322.32
215,person,0.9984,196.38,78.7,287.02,256.63
215,chair,0.9928,307.41,258.3,422.52,371.6
215,person,0.9918,146.08,139.81,251.52,266.6
215,diningtable,0.9866,32.84,250.0,355.6,367.95
215,chair,0.5726,5.48,249.97,55.32,367.37
215,chair,0.5617,7.62,247.88,124.41,371.58
216,person,0.9961,37.81,99.04,187.54,372.31
216,person,0.9799,238.55,127.63,374.8,244.07
216,person,0.9789,207.39,130.39,379.33,364.19
216,person,0.9663,357.61,100.19,496.81,372.74
216,motorbike,0.5448,151.75,222.53,470.27,372.42
217,motorbike,0.8836,41.51,34.35,265.63,226.78
217,motorbike,0.8344,240.28,117.55,461.42,289.62
217,motorbike,0.7967,63.18,40.25,462.42,297.32
217,person,0.7826,254.13,110.92,412.91,270.73
217,person,0.7383,64.54,22.79,218.24,204.83
218,person,0.9986,88.7,36.76,193.14,138.59
219,person,0.9874,93.18,106.96,294.32,383.71
219,chair,0.8639,124.29,337.08,357.6,500.0
219,chair,0.5527,195.4,326.91,316.46,498.84
219,chair,0.5163,91.41,239.15,340.01,491.04
220,person,0.9917,0.0,49.14,141.31,369.38
220,person,0.9844,354.21,86.05,498.62,326.07
220,person,0.8846,1.88,119.21,136.22,283.68
220,person,0.7109,108.83,240.6,214.37,369.75
220,chair,0.6398,217.11,222.1,330.34,372.92
220,bicycle,0.526,336.54,106.24,490.78,369.57
221,person,0.9971,292.92,56.83,361.29,143.95
221,car,0.9965,1.51,47.93,487.42,360.84
222,person,0.9996,160.62,81.6,294.42,309.96
223,car,0.9985,239.16,205.59,391.09,271.88
223,person,0.995,40.5,6.02,200.55,490.63
223,person,0.9896,222.13,227.07,241.81,281.36
223,person,0.9844,277.72,267.81,304.32,345.01
223,person,0.9745,383.96,210.64,399.85,258.07
223,person,0.7467,342.87,227.46,359.48,275.78
224,person,0.9926,403.86,219.07,426.47,283.03
225,bird,0.888,231.16,231.35,258.51,279.57
226,person,0.9961,340.03,122.5,470.32,369.29
226,chair,0.8633,341.44,196.5,469.07,373.21
227,person,0.9992,236.28,109.36,307.63,226.31
227,horse,0.9959,176.38,140.97,368.82,289.79
227,person,0.9928,177.51,116.83,207.25,182.74
227,horse,0.99,129.94,154.5,206.38,249.48
227,person,0.5384,159.65,115.56,205.44,218.73
228,person,0.8951,12.47,84.25,258.69,454.91
228,chair,0.5177,34.99,134.62,317.36,500.0
229,person,0.986,26.99,25.75,156.72,287.13
229,chair,0.5435,28.29,125.61,126.67,317.58
230,person,0.9987,80.1,68.86,264.49,313.69
231,person,0.9969,0.0,51.49,142.43,363.95
231,person,0.9947,342.06,96.73,497.9,369.67
231,bottle,0.986,213.46,192.51,248.5,313.57
231,person,0.9858,127.18,137.66,197.66,226.67
231,person,0.9795,232.08,136.11,290.45,196.75
231,bottle,0.9492,206.44,191.22,230.57,299.36
231,person,0.9451,292.91,147.36,316.83,175.25
231,person,0.9311,292.98,130.06,382.08,267.21
231,person,0.9092,276.41,150.06,324.99,252.11
231,diningtable,0.8801,98.58,211.03,403.38,374.23
231,person,0.7656,326.11,128.89,389.98,313.74
231,person,0.688,88.53,137.58,157.26,274.07
231,person,0.581,50.05,133.55,150.73,298.89
232,person,0.9752,134.72,146.8,340.16,495.27
232,pottedplant,0.911,0.84,4.65,32.82,161.12
232,pottedplant,0.7446,149.75,242.0,211.95,321.11
232,chair,0.7232,136.75,263.44,365.8,492.29
232,chair,0.6392,259.93,178.52,371.91,494.83
233,person,0.9846,185.29,177.2,301.9,499.88
233,pottedplant,0.9514,86.33,349.51,176.4,474.65
233,pottedplant,0.9425,15.69,181.88,188.29,480.04
233,pottedplant,0.5955,153.27,34.05,352.13,479.69
233,pottedplant,0.555,286.82,182.58,403.88,438.66
233,pottedplant,0.5518,68.83,284.64,183.58,469.42
234,person,0.9915,83.8,63.56,266.99,372.89
234,bicycle,0.6149,86.49,186.1,260.9,392.32
235,person,0.999,73.93,111.0,179.84,352.12
235,person,0.999,168.61,143.18,250.29,356.4
235,person,0.9986,230.8,133.04,322.6,320.9
235,person,0.9984,311.42,155.83,359.52,339.59
235,person,0.9977,343.08,97.66,449.9,336.12
235,person,0.9946,43.88,134.99,58.2,168.49
236,person,0.9792,83.13,49.64,326.84,284.57
237,person,0.9923,57.07,156.1,280.18,484.7
238,person,0.9981,334.66,50.02,500.0,375.0
238,person,0.9948,6.51,59.25,156.91,256.75
238,tvmonitor,0.9536,209.31,216.23,357.35,372.65
239,person,0.9955,5.25,53.13,192.91,461.01
239,motorbike,0.9879,267.75,321.94,324.08,361.1
239,car,0.9878,121.65,299.32,192.25,335.21
239,person,0.9535,275.5,307.11,297.11,350.93
239,person,0.9378,311.59,308.88,325.21,333.92
239,person,0.9064,291.98,308.56,312.5,349.22
239,bicycle,0.6668,245.12,314.46,268.83,332.31
240,person,0.9947,285.37,44.02,486.31,278.6
240,person,0.9881,82.72,51.82,228.46,261.13
240,person,0.9834,199.98,64.15,322.3,259.8
240,diningtable,0.7952,0.0,228.41,468.06,301.0
240,person,0.7474,122.74,67.32,284.13,260.88
240,person,0.69,34.58,29.21,120.62,253.74
240,person,0.6242,160.33,48.93,188.28,78.64
240,person,0.5857,159.79,49.94,205.54,142.48
240,diningtable,0.5109,24.74,248.03,298.89,298.59
241,person,0.9977,19.75,42.84,278.58,327.06
241,person,0.9775,235.42,148.74,398.04,297.99
241,person,0.5919,199.9,100.49,477.97,302.12
241,boat,0.5667,6.9,267.93,499.65,373.85
241,person,0.5158,181.69,107.49,234.62,173.79
242,person,0.9986,55.89,76.28,108.84,195.27
242,person,0.9973,169.71,98.68,205.23,191.55
242,person,0.9972,312.52,82.22,371.9,206.27
242,car,0.9964,0.55,102.52,55.56,191.16
242,car,0.9959,0.6,83.71,67.48,127.18
242,car,0.9954,111.23,78.7,159.18,95.84
242,person,0.995,157.58,81.26,179.51,162.27
242,car,0.9944,25.26,69.06,82.09,93.5
242,person,0.9942,366.75,117.95,400.04,198.97
242,person,0.9805,193.02,94.05,212.76,162.24
242,person,0.977,217.77,76.13,229.22,114.21
242,person,0.9721,242.01,126.68,320.81,214.67
242,car,0.9626,0.64,72.68,30.02,86.3
243,person,0.942,140.09,56.23,354.41,392.87
243,chair,0.7677,106.42,75.83,189.62,158.2
243,person,0.5207,193.29,165.08,374.45,417.47
243,chair,0.5152,5.61,191.54,157.7,399.13
244,person,0.9978,170.67,149.77,346.97,494.84
244,person,0.9974,332.81,160.07,374.44,377.93
244,person,0.9972,51.22,76.34,205.43,500.0
244,person,0.9818,10.51,175.71,51.23,253.5
244,bottle,0.9428,171.33,471.23,194.19,500.0
244,person,0.8199,352.85,191.42,374.71,383.03
245,person,0.9903,1.91,12.64,348.43,458.21
245,person,0.9592,10.36,270.47,114.73,500.0
245,person,0.9547,215.77,385.12,366.78,500.0
245,person,0.9509,316.15,85.6,367.77,314.31
245,person,0.7037,310.12,197.83,366.48,364.64
245,person,0.6639,4.25,121.22,218.12,496.33
246,person,0.9992,166.73,81.42,344.91,375.0
246,person,0.9979,68.5,74.7,152.62,302.97
246,car,0.996,134.75,130.15,199.09,187.82
247,tvmonitor,0.9991,100.76,94.53,286.74,285.46
247,person,0.9876,359.34,23.59,499.76,375.0
247,person,0.9648,325.8,134.49,366.69,179.72
247,tvmonitor,0.6427,304.53,180.43,432.02,304.2
248,person,0.9887,147.14,160.12,282.23,270.48
249,person,0.9965,0.0,47.72,226.41,366.37
249,person,0.9676,137.45,20.18,485.28,375.0
249,person,0.7925,2.78,54.78,167.76,271.04
249,person,0.6275,308.78,17.62,491.73,373.45
249,person,0.5298,63.16,60.28,338.66,373.28
250,person,0.996,193.1,1.48,359.55,297.1
250,diningtable,0.9203,12.1,283.05,481.16,374.83
251,person,0.9869,96.94,96.27,260.49,224.56
251,person,0.9727,325.68,153.61,366.52,198.27
251,motorbike,0.9227,107.29,97.36,328.81,222.79
252,person,0.9953,279.76,37.95,408.04,244.52
252,chair,0.994,413.12,122.49,485.41,236.78
252,person,0.9915,144.65,70.64,177.28,116.71
252,person,0.9883,212.75,116.32,426.48,372.46
252,pottedplant,0.9872,2.65,55.47,43.19,103.46
252,chair,0.9766,425.74,201.1,500.0,374.68
252,bottle,0.9695,324.04,99.1,343.08,135.57
252,person,0.9632,75.91,98.7,113.65,137.38
252,chair,0.9378,254.61,201.24,470.84,375.0
252,tvmonitor,0.8996,169.53,175.48,235.92,254.23
253,person,0.9993,427.39,65.77,499.73,347.25
253,person,0.9992,255.3,65.45,348.34,346.01
253,person,0.9991,163.88,116.04,233.39,306.89
253,person,0.9977,1.08,185.9,152.84,372.52
253,person,0.9969,341.87,180.26,363.62,258.8
253,person,0.9969,359.61,187.88,379.68,258.8
253,person,0.9916,376.48,193.89,403.27,257.3
253,person,0.9846,32.53,113.03,85.8,180.94
253,person,0.9844,2.85,156.96,29.42,217.57
253,person,0.9783,417.27,225.02,439.07,261.11
253,person,0.9766,21.88,159.56,73.84,228.46
253,person,0.9654,81.4,149.29,115.55,245.25
253,person,0.8304,324.13,199.18,345.64,251.27
253,person,0.7676,138.33,205.55,153.41,243.75
253,person,0.7445,11.8,185.49,126.96,286.43
253,person,0.5213,23.86,162.6,106.24,256.78
254,person,0.9987,168.87,34.97,251.38,332.98
254,person,0.9985,230.2,55.93,297.61,331.41
254,person,0.8991,192.6,44.39,283.6,337.6
255,bicycle,0.9881,336.3,168.44,489.16,375.0
255,person,0.8786,234.89,80.62,432.41,286.2
256,person,0.9988,455.29,60.16,499.71,175.19
256,bicycle,0.9987,169.74,164.56,497.27,364.9
256,person,0.9985,76.83,58.81,124.25,217.27
256,person,0.9974,2.33,60.33,56.13,209.15
256,person,0.9972,44.56,52.72,88.6,196.2
256,person,0.9969,352.25,65.11,394.27,184.5
256,person,0.9965,197.12,61.52,260.89,193.4
256,person,0.996,226.13,23.62,381.97,348.29
256,person,0.9959,411.53,63.39,442.11,178.67
256,person,0.9917,387.41,60.88,429.36,180.98
256,person,0.991,158.47,60.77,188.87,119.92
256,person,0.9574,107.72,50.84,131.95,117.58
256,person,0.9269,427.25,55.34,456.74,142.42
256,person,0.9147,337.28,60.31,357.53,89.5
256,person,0.9106,149.19,58.83,166.62,88.92
256,person,0.8842,42.13,57.26,59.93,89.77
256,bus,0.8185,24.05,27.72,70.51,67.75
256,person,0.7591,127.08,59.05,163.77,154.03
256,person,0.5278,176.82,57.64,190.99,81.48
257,person,0.9956,276.11,127.66,331.32,291.63
257,car,0.9734,261.9,136.62,461.35,275.69
257,car,0.9693,53.76,122.43,438.35,277.05
257,bus,0.625,394.35,94.49,500.0,201.01
258,person,0.9276,37.45,12.88,372.47,500.0
258,chair,0.7124,13.01,182.32,368.96,493.17
259,person,0.9989,102.95,130.45,139.15,229.9
259,person,0.9986,429.15,143.42,448.7,199.32
259,person,0.9976,164.69,60.48,288.7,240.36
259,person,0.9974,481.26,147.32,499.07,193.29
259,person,0.9973,402.06,143.28,431.12,199.01
259,car,0.8786,159.38,161.36,215.72,194.17
260,person,0.9981,234.07,59.98,470.0,465.42
260,person,0.9978,0.0,128.9,223.87,433.16
260,aeroplane,0.7359,8.45,0.13,366.38,186.04
261,person,0.999,246.71,188.7,304.21,364.02
261,person,0.9989,140.32,182.25,189.79,372.07
261,person,0.9983,19.77,177.92,75.3,372.76
261,person,0.9979,72.31,189.19,130.05,366.19
261,person,0.9976,288.4,178.27,399.47,374.12
261,person,0.9975,189.67,181.96,245.43,364.87
261,person,0.9757,0.95,208.9,15.93,368.09
262,person,0.9992,1.97,102.16,97.96,346.09
262,person,0.9944,303.99,183.74,500.0,369.45
262,person,0.9533,400.85,178.81,497.19,368.76
262,chair,0.7908,365.27,254.28,490.61,374.07
263,person,0.9994,225.43,39.36,463.62,366.15
263,person,0.9974,308.21,239.18,384.87,373.46
263,bottle,0.8762,2.4,198.99,38.69,325.34
263,bottle,0.8384,36.65,222.14,62.48,321.3
264,person,0.9947,307.6,3.26,496.27,328.0
264,bottle,0.6936,321.91,184.91,405.9,319.65
265,person,0.8985,59.06,195.95,205.78,433.8
265,person,0.7895,52.21,48.54,340.51,445.77
265,horse,0.5066,62.52,22.21,466.07,436.69
266,person,0.9991,431.35,199.92,499.19,373.22
266,person,0.9989,319.03,127.5,433.34,372.42
266,person,0.9971,281.24,165.14,330.32,282.93
266,person,0.9968,257.6,173.34,293.38,270.04
266,person,0.9875,227.32,176.34,265.25,242.58
266,person,0.9821,166.22,167.74,184.28,200.23
266,person,0.977,198.99,167.89,211.48,190.37
266,person,0.9749,203.55,177.46,222.78,208.51
266,person,0.9639,131.35,170.23,148.62,189.61
266,person,0.9404,221.11,174.73,240.54,208.05
266,person,0.803,220.41,175.34,243.96,232.5
266,person,0.7775,249.22,179.51,267.86,239.52
266,person,0.7455,143.34,173.6,161.44,191.77
266,person,0.6342,133.62,171.25,158.99,192.82
267,person,0.9894,3.96,11.2,308.91,375.0
267,person,0.7601,127.54,6.81,473.42,365.18
268,person,0.9917,68.98,22.48,473.89,367.97
269,horse,0.9989,220.45,129.38,395.93,374.93
269,person,0.9765,255.4,68.47,373.67,256.91
270,person,0.9983,201.7,234.82,344.0,494.91
270,person,0.9971,3.6,172.92,231.18,498.57
270,boat,0.9497,49.64,247.76,68.17,258.36
271,person,0.9971,28.1,320.9,61.68,418.14
271,boat,0.8319,240.53,124.52,332.74,213.5
272,person,0.9972,67.58,59.45,170.83,290.18
272,person,0.9968,242.45,116.86,489.15,374.31
272,person,0.9899,226.22,165.48,365.04,303.28
272,person,0.9867,363.48,89.21,405.6,131.74
272,person,0.9358,444.21,178.87,480.54,224.88
272,tvmonitor,0.9284,81.91,180.33,145.03,300.34
272,person,0.9171,470.04,153.4,497.9,212.42
272,bottle,0.8478,139.23,160.97,154.13,195.29
272,person,0.8135,342.94,92.84,409.07,200.74
273,person,0.9979,170.44,158.16,236.68,340.14
274,person,0.9624,229.67,125.53,261.26,175.06
274,person,0.9488,204.69,224.35,426.8,332.88
274,motorbike,0.8288,213.04,142.98,270.35,189.48
275,person,0.9792,79.36,141.07,285.7,498.42
276,person,0.9571,115.47,37.81,370.5,306.37
277,person,0.9989,0.52,109.68,59.41,306.13
277,person,0.9983,55.65,113.96,123.74,273.14
277,person,0.998,146.96,100.43,183.34,204.95
277,person,0.9975,427.57,145.67,462.08,276.09
277,person,0.9973,249.79,91.95,349.15,264.59
277,person,0.9946,122.39,97.93,153.81,193.75
277,bicycle,0.9938,459.48,185.8,500.0,263.97
277,person,0.9932,96.28,96.27,128.87,174.31
277,person,0.9892,325.36,136.71,362.39,227.73
277,boat,0.7974,178.83,10.17,491.36,262.5
277,person,0.7183,130.78,100.8,171.03,199.98
277,bottle,0.7119,357.35,155.07,364.74,169.92
277,person,0.6217,325.69,134.59,350.73,187.62
278,person,0.9982,268.23,110.09,484.76,373.68
278,person,0.9794,192.28,153.51,292.42,317.77
278,horse,0.9144,29.29,211.81,293.63,373.64
278,person,0.8212,486.99,259.28,499.86,334.26
279,person,0.9965,281.62,72.38,500.0,375.0
279,person,0.9948,3.59,23.24,180.58,363.16
279,person,0.9655,100.43,0.0,319.16,370.43
280,person,0.9928,101.14,153.29,362.44,500.0
280,dog,0.7171,0.0,239.63,175.89,471.36
281,person,0.9976,41.74,47.47,376.07,332.0
281,bottle,0.5648,231.41,162.76,295.44,262.28
282,person,0.9923,151.89,19.46,448.34,365.48
282,chair,0.7855,8.84,256.12,161.11,368.03
282,sofa,0.6525,6.84,193.02,500.0,370.36
283,person,0.988,143.1,18.72,274.55,222.35
283,person,0.9811,3.38,24.86,168.89,262.35
283,person,0.692,78.78,22.29,215.74,221.01
284,person,0.9915,180.22,109.29,362.55,329.4
285,person,0.9764,147.03,33.63,497.7,329.12
285,person,0.7477,321.37,29.62,499.19,333.0
285,chair,0.696,2.86,11.24,96.65,133.27
285,person,0.6597,156.25,43.35,419.15,221.56
286,person,0.9988,70.81,208.75,103.13,280.33
286,person,0.9986,49.1,214.31,75.29,276.62
286,person,0.9974,132.78,178.19,186.22,294.66
286,person,0.9887,118.22,212.83,143.87,260.56
286,person,0.9789,188.16,209.9,250.49,286.65
286,person,0.9727,247.29,278.95,331.46,344.53
286,bicycle,0.9633,48.23,248.44,73.42,279.02
286,person,0.884,26.03,237.18,43.78,272.6
286,chair,0.8401,23.56,250.37,48.67,275.76
286,person,0.5275,25.68,237.86,38.9,256.21
287,person,0.9958,84.97,58.6,433.77,372.07
287,person,0.9947,399.36,194.27,467.7,365.36
287,person,0.9826,390.96,229.6,423.95,287.42
287,person,0.9794,369.3,216.02,395.16,284.16
287,person,0.7967,417.61,192.34,467.99,295.96
287,person,0.7878,199.51,141.97,416.6,370.7
287,person,0.7143,388.62,225.67,438.64,361.8
288,person,0.9986,151.45,52.63,261.41,242.21
288,person,0.9975,14.57,187.41,151.77,333.0
288,person,0.9964,271.05,121.71,396.27,312.83
288,person,0.9934,0.13,154.49,85.16,332.44
288,car,0.9394,409.61,81.05,424.32,103.04
288,person,0.9242,57.83,124.09,128.36,201.87
288,person,0.9117,313.97,228.01,395.86,332.47
288,diningtable,0.8828,139.74,239.05,369.14,331.41
289,car,0.994,252.91,175.04,321.33,225.77
289,horse,0.9848,250.5,31.83,398.46,262.66
289,person,0.9809,205.76,166.59,223.58,198.79
289,person,0.9766,251.63,5.13,389.75,177.88
289,person,0.915,116.39,166.32,132.37,198.53
289,car,0.914,464.71,181.92,499.02,228.91
289,car,0.8791,141.93,177.46,224.64,224.61
289,person,0.8182,75.9,162.26,101.19,225.0
289,car,0.7847,385.8,176.35,426.62,201.13
289,car,0.7155,81.99,168.06,322.75,230.55
289,person,0.6393,92.22,164.76,110.36,194.55
289,car,0.6084,158.14,178.96,313.14,224.46
289,person,0.5748,96.15,172.76,112.76,226.41
289,person,0.5701,77.24,164.95,100.27,196.63
290,person,0.9964,47.98,62.12,276.5,499.35
290,bottle,0.8738,56.1,273.13,89.74,329.36
291,person,0.996,384.79,188.52,458.63,333.35
291,horse,0.7817,384.68,241.27,458.39,375.0
292,person,0.9994,53.55,124.23,299.85,484.81
292,person,0.949,97.05,249.73,107.18,270.42
292,person,0.9448,121.81,255.25,131.73,269.69
292,person,0.7764,238.81,252.01,249.98,267.63
293,person,0.9965,240.62,69.34,292.52,183.81
293,horse,0.9927,199.27,76.32,319.93,266.25
294,person,0.9957,109.75,244.97,135.83,308.39
294,horse,0.992,133.83,256.72,204.0,417.44
294,person,0.9904,138.23,235.43,186.67,339.45
294,person,0.9294,128.21,237.7,151.36,315.26
294,person,0.7204,133.91,235.1,152.29,283.92
294,bicycle,0.6788,107.69,271.49,136.86,322.26
295,person,0.9846,213.17,78.95,295.17,227.04
295,chair,0.9111,449.11,181.89,498.89,249.35
296,person,0.9945,267.52,27.59,475.74,305.67
296,person,0.6486,96.41,16.22,500.0,298.99
297,person,0.9955,39.77,65.4,344.8,351.11
297,chair,0.9613,196.72,269.24,292.69,500.0
297,diningtable,0.9316,0.0,298.73,308.84,492.72
298,person,0.9974,126.01,118.02,236.98,388.07
298,person,0.994,233.37,128.64,364.23,368.25
298,person,0.9921,1.43,120.95,105.65,396.67
298,person,0.9362,338.19,175.11,373.29,332.41
298,chair,0.9016,2.91,246.29,37.2,394.0
298,chair,0.8635,6.02,218.15,98.63,371.62
298,bottle,0.8574,245.16,321.58,262.62,375.76
298,person,0.7041,244.14,129.49,318.74,246.89
299,person,0.998,226.5,17.16,475.76,372.3
299,tvmonitor,0.9962,5.69,115.41,210.75,309.15
300,person,0.9991,5.06,0.97,94.87,179.28
300,person,0.9959,256.61,225.25,367.35,325.84
300,person,0.9951,176.5,20.18,292.67,298.82
300,person,0.995,275.63,2.03,326.71,101.92
300,person,0.9946,76.59,250.75,154.97,324.43
300,person,0.9915,3.84,242.94,89.86,327.01
300,person,0.9905,92.13,208.55,168.63,320.48
300,horse,0.9841,9.28,86.25,500.0,328.0
300,person,0.9722,206.8,0.57,282.99,90.16
300,horse,0.6898,16.14,81.61,112.24,234.97
300,horse,0.6503,275.8,160.13,500.0,325.87
300,horse,0.649,13.72,91.96,287.63,307.38
300,person,0.6078,29.17,248.2,123.95,326.53
301,person,0.9923,67.58,208.28,360.44,497.27
301,person,0.6907,1.72,352.52,93.54,500.0
301,pottedplant,0.621,329.89,0.0,375.0,149.85
302,person,0.9987,447.64,137.44,485.45,264.57
302,person,0.9983,139.67,121.08,325.91,338.0
302,car,0.9774,483.76,152.92,499.71,167.95
302,chair,0.8127,396.31,179.55,455.79,216.38
303,person,0.9981,194.53,90.42,445.85,375.0
303,person,0.9948,383.34,0.0,500.0,373.4
303,person,0.9809,0.0,14.07,183.9,375.0
303,person,0.9061,1.55,72.51,91.62,375.0
303,person,0.6847,34.3,34.5,335.42,375.0
304,person,0.9971,69.61,104.79,268.23,445.78
304,sofa,0.615,11.72,176.57,355.16,488.89
305,sofa,0.9947,14.93,236.61,379.0,364.0
305,person,0.9868,47.04,3.98,286.37,273.59
305,person,0.8274,133.27,39.05,268.94,275.56
306,person,0.9904,211.29,186.43,277.3,317.99
306,motorbike,0.9705,147.78,226.05,292.69,383.76
307,person,0.9828,273.3,21.1,493.29,372.31
307,person,0.9735,11.25,56.58,262.67,375.0
307,bottle,0.7709,328.23,128.58,441.39,202.74
308,person,0.9879,176.73,41.79,439.54,443.76
308,person,0.9856,0.0,99.06,264.4,500.0
308,person,0.8126,6.2,104.14,189.63,334.37
308,person,0.6595,62.95,104.86,230.36,415.63
308,sofa,0.5817,18.15,126.0,438.85,470.25
308,person,0.5008,300.07,216.64,452.0,495.45
309,person,0.9914,235.13,6.42,496.58,375.0
309,tvmonitor,0.9849,4.6,159.03,176.63,371.54
309,tvmonitor,0.982,111.51,111.56,329.48,340.62
309,person,0.9213,322.49,13.32,496.18,267.18
310,person,0.9986,181.24,214.21,223.99,333.1
311,person,0.9865,26.68,27.41,319.09,331.49
311,person,0.9823,282.74,178.06,424.86,330.75
311,person,0.7343,172.56,144.47,402.17,332.91
312,person,0.9961,55.38,2.84,441.02,332.57
312,bottle,0.7287,159.94,168.43,262.98,247.42
313,person,0.9975,220.82,93.24,414.6,329.28
314,person,0.998,76.77,124.5,279.79,498.21
314,bottle,0.9908,300.86,216.79,335.32,316.14
314,bottle,0.9791,323.96,210.83,357.86,305.69
314,diningtable,0.7381,266.57,261.36,409.0,494.4
315,person,0.9817,88.84,72.8,410.04,290.66
316,person,0.9941,42.64,17.43,158.22,328.1
316,person,0.9396,27.03,91.88,126.48,389.46
316,chair,0.8925,0.87,212.43,46.42,373.48
316,chair,0.7107,0.0,123.93,59.72,378.65
317,person,0.9813,15.0,13.54,337.77,333.0
317,chair,0.5553,397.79,151.64,496.61,274.03
318,person,0.989,85.87,147.69,372.11,472.72
318,person,0.946,357.53,0.65,373.47,31.82
318,person,0.9185,328.64,0.21,343.4,39.58
318,person,0.8974,288.28,10.74,309.14,56.06
319,person,0.996,13.27,165.7,287.77,374.22
319,person,0.9906,209.69,161.67,440.19,375.0
319,chair,0.9793,461.37,291.56,498.42,375.0
319,bottle,0.6161,365.35,198.65,422.59,317.14
320,person,0.9953,260.86,40.14,284.84,69.03
320,person,0.9937,175.47,123.36,345.97,258.35
320,pottedplant,0.9885,47.04,25.28,76.24,61.74
320,pottedplant,0.98,11.01,26.94,39.94,62.67
320,pottedplant,0.9535,3.53,57.92,24.83,95.89
320,pottedplant,0.8251,3.47,27.52,33.74,104.14
320,pottedplant,0.6362,123.64,20.1,143.62,51.78
320,pottedplant,0.5887,92.64,3.63,143.29,55.63
320,pottedplant,0.5848,391.03,20.41,434.38,51.25
320,pottedplant,0.5832,437.49,52.14,499.71,120.89
321,person,0.9934,48.04,31.25,329.65,418.15
322,person,0.9877,208.74,18.69,420.01,375.0
322,person,0.8914,101.53,94.87,171.65,208.57
322,person,0.8741,86.74,95.32,205.93,344.86
322,bicycle,0.7179,4.0,183.85,278.29,374.12
323,bottle,0.997,184.28,33.73,312.51,375.0
323,person,0.9927,303.21,133.83,495.06,367.5
323,person,0.8784,14.0,35.05,422.54,375.0
323,person,0.8288,0.0,86.05,259.73,368.34
323,bottle,0.7079,82.17,33.72,345.7,365.63
324,person,0.9928,154.29,61.53,290.05,365.87
324,person,0.9918,376.3,135.0,485.07,368.81
324,person,0.9887,46.63,77.93,225.25,343.27
324,person,0.9693,16.27,101.5,64.68,191.41
324,person,0.9545,281.29,111.45,377.82,235.66
324,person,0.8679,112.29,59.49,141.32,122.7
324,person,0.5836,131.68,81.68,241.19,350.7
324,person,0.5813,268.94,117.82,386.57,364.89
325,person,0.9562,62.47,29.16,245.24,500.0
325,bottle,0.877,270.93,275.91,288.19,323.4
325,person,0.6865,112.35,154.78,207.03,500.0
325,person,0.5099,188.06,129.15,301.74,475.67
326,person,0.9962,75.81,9.61,234.12,465.66
326,person,0.9489,290.12,117.14,323.96,143.25
326,person,0.9471,3.25,72.72,44.14,116.53
326,person,0.9401,48.99,64.61,66.62,87.94
326,person,0.9154,66.57,61.74,81.04,82.32
326,person,0.7674,284.7,74.7,295.66,89.1
326,boat,0.694,330.96,69.52,373.72,85.94
326,person,0.6094,188.56,167.48,242.34,196.96
326,bird,0.5729,185.99,167.31,247.62,197.18
327,person,0.9995,33.06,174.73,88.28,324.02
327,person,0.9957,129.44,172.36,282.95,337.58
328,person,0.9983,210.62,69.83,490.92,372.42
328,person,0.9938,90.01,92.35,295.63,375.0
329,person,0.9982,94.63,45.7,212.93,333.0
329,bicycle,0.9758,340.68,105.7,431.21,226.39
329,bicycle,0.9212,425.61,115.03,466.31,196.11
329,car,0.9063,0.98,127.77,63.75,333.0
329,person,0.6947,315.39,90.22,380.27,213.47
329,bicycle,0.6674,453.51,115.37,486.08,182.41
329,bottle,0.5137,285.53,218.1,296.9,245.98
330,person,0.999,133.68,356.28,207.29,463.81
331,person,0.9995,175.63,105.44,342.07,476.25
331,person,0.997,43.2,132.89,155.12,482.05
332,person,0.9989,345.58,192.24,375.18,263.57
332,person,0.9984,371.97,193.18,393.25,256.24
332,person,0.9969,167.79,195.39,186.32,247.54
332,person,0.9966,43.06,201.02,54.53,235.4
332,person,0.9961,201.79,203.1,217.94,247.35
332,person,0.9902,155.14,201.82,164.88,229.35
332,chair,0.9851,48.35,293.36,132.12,375.0
332,chair,0.9737,2.9,250.06,56.43,318.52
332,person,0.9705,324.22,201.31,339.74,232.85
332,bicycle,0.9594,96.92,212.95,128.9,242.18
332,car,0.9513,62.9,209.9,106.78,238.79
332,person,0.9377,392.33,194.69,408.23,229.35
332,person,0.8957,310.69,204.24,319.62,233.16
332,person,0.8936,290.43,200.34,298.51,228.75
332,person,0.8432,240.79,201.76,249.9,225.8
332,person,0.6794,196.01,202.83,205.22,223.2
332,person,0.6088,298.9,199.14,306.39,228.81
332,person,0.5871,291.49,199.66,306.19,228.51
332,person,0.5378,304.76,201.05,311.43,228.57
332,chair,0.5042,1.46,256.96,32.77,313.98
333,person,0.9961,194.5,86.83,238.85,191.22
333,person,0.9956,167.68,174.5,203.97,261.65
333,person,0.9952,234.48,97.51,253.62,167.17
333,person,0.9948,229.7,195.46,297.57,315.63
333,person,0.9924,66.61,189.35,123.67,301.5
333,person,0.9914,182.5,92.15,194.47,135.25
333,person,0.9897,272.53,94.94,299.63,203.1
333,person,0.9888,231.87,137.34,290.15,211.31
333,person,0.9794,246.47,98.88,279.88,158.48
333,person,0.971,27.49,86.08,46.42,133.49
333,person,0.9591,96.83,92.16,122.47,179.12
333,person,0.9332,114.86,97.43,138.85,173.74
333,person,0.8659,226.35,185.92,264.96,251.03
333,person,0.7248,95.78,91.39,114.15,146.6
333,person,0.6978,234.74,106.11,286.44,185.09
333,person,0.6345,10.19,132.1,29.03,173.53
333,person,0.604,119.02,96.94,139.41,140.55
333,person,0.5788,258.16,97.51,287.56,169.55
333,person,0.5516,131.17,133.61,170.04,191.69
333,chair,0.5381,22.52,283.52,134.4,447.78
333,person,0.5071,230.39,148.26,292.62,261.69
334,person,0.9734,115.69,34.36,337.89,328.55
334,sofa,0.8967,1.18,218.19,358.77,500.0
334,sofa,0.8756,1.33,289.37,234.71,500.0
334,bottle,0.7046,209.95,137.66,237.43,224.47
334,person,0.6889,0.47,158.45,216.15,381.67
334,person,0.6269,13.46,86.8,320.2,408.34
334,person,0.5593,3.57,159.83,121.7,304.78
335,horse,0.9986,147.98,172.83,300.1,294.41
335,person,0.9967,220.05,131.65,270.36,238.15
336,person,0.9989,397.08,90.89,423.24,160.65
336,person,0.9977,356.13,91.01,386.16,166.2
336,person,0.9971,474.47,96.67,496.5,151.03
336,person,0.9961,158.39,59.43,258.17,238.52
336,person,0.9951,311.48,131.81,369.85,216.12
336,person,0.9928,473.1,127.31,499.43,198.99
336,person,0.7779,454.63,104.29,463.72,118.72
338,person,0.9988,232.18,209.63,272.98,309.62
339,person,0.9934,262.59,52.58,391.74,166.67
340,person,0.9994,248.26,269.37,319.42,398.53
340,person,0.9982,10.08,246.7,28.73,296.12
340,car,0.9934,223.33,261.71,260.29,284.49
340,car,0.989,191.09,258.83,214.89,273.99
340,motorbike,0.9782,191.4,279.72,221.72,328.66
340,person,0.9756,193.04,265.8,219.78,314.98
340,person,0.959,156.64,256.37,175.21,291.38
340,motorbike,0.9188,156.88,266.65,172.74,295.33
340,car,0.8966,127.27,250.92,139.63,259.78
340,bicycle,0.6432,246.32,323.33,313.64,436.42
340,motorbike,0.5286,247.49,324.61,317.33,430.26
340,person,0.5212,0.98,245.59,6.71,277.76
341,person,0.9951,0.0,11.45,343.63,500.0
342,person,0.9993,224.29,77.0,285.93,206.5
342,horse,0.9937,201.58,135.75,282.42,279.52
342,horse,0.9736,158.05,142.56,182.01,160.09
342,horse,0.955,178.48,144.38,195.52,158.74
343,person,0.9831,189.12,348.17,233.88,474.26
343,person,0.5206,195.92,265.27,202.93,283.04
344,person,0.9981,2.62,8.26,348.62,374.0
344,chair,0.7176,243.56,153.16,500.0,363.27
345,person,0.9995,112.37,141.06,162.19,257.14
345,person,0.9994,164.22,162.31,193.03,220.04
345,person,0.9993,416.7,158.89,445.65,210.42
345,person,0.9978,18.47,151.11,64.86,225.54
345,person,0.9976,0.01,162.61,25.82,229.82
345,person,0.9972,230.64,169.24,248.45,201.02
345,person,0.9965,72.44,169.63,86.05,202.77
345,person,0.9944,290.12,169.09,301.08,193.28
345,person,0.9899,196.85,170.42,208.07,196.19
345,person,0.9856,204.76,172.28,217.18,201.13
345,person,0.9846,321.81,170.98,331.85,186.38
345,person,0.9768,248.01,176.73,259.47,186.41
345,person,0.9633,337.05,176.84,346.09,185.67
345,person,0.9122,267.76,177.57,276.82,186.3
345,person,0.8434,283.01,175.63,291.08,186.97
345,person,0.6296,304.09,176.26,312.75,186.35
346,person,0.9982,268.27,6.59,498.38,373.32
346,person,0.998,94.79,123.53,186.43,375.0
346,person,0.9941,0.27,111.03,77.35,375.0
346,person,0.9751,187.12,141.82,226.59,209.34
346,person,0.9689,153.37,143.32,196.27,220.4
346,person,0.9485,65.15,112.03,117.75,368.45
346,person,0.8969,67.14,116.98,122.2,241.69
346,person,0.8261,41.63,120.8,101.17,372.4
346,bottle,0.502,278.71,51.68,301.24,84.41
347,bird,0.8807,99.84,366.33,114.8,378.76
347,bird,0.8539,181.97,122.57,208.18,141.33
348,person,0.9702,8.8,29.37,344.78,499.49
349,person,0.992,0.0,26.17,304.25,372.85
349,tvmonitor,0.7283,266.74,168.5,490.7,365.55
349,sofa,0.5929,19.2,144.97,496.14,374.0
349,person,0.5227,0.0,172.75,379.02,369.97
350,person,0.9995,257.0,198.84,285.65,254.06
351,person,0.9889,174.84,75.53,352.62,434.44
352,person,0.9837,2.14,5.41,414.85,500.0
353,person,0.9942,122.4,128.25,402.64,495.46
353,person,0.9854,105.83,155.02,263.25,493.63
353,person,0.98,45.07,142.5,105.81,236.06
353,person,0.9102,133.57,181.57,212.8,311.4
353,person,0.8004,134.78,193.38,178.85,294.93
353,person,0.7032,41.36,146.15,122.98,322.27
353,person,0.697,119.22,186.85,233.53,378.38
353,person,0.5564,5.21,235.21,69.15,393.17
354,horse,0.5156,51.39,116.57,186.88,165.39
355,person,0.9811,211.3,116.75,467.46,375.0
355,chair,0.7583,339.11,241.68,500.0,372.99
356,person,0.9963,329.68,140.77,404.95,211.88
356,person,0.9945,380.85,144.74,464.77,222.36
356,person,0.9936,78.42,160.09,163.9,243.52
356,person,0.9918,142.38,158.73,202.76,232.42
356,person,0.9848,198.46,144.98,278.41,226.08
356,person,0.9774,271.82,139.4,331.88,208.67
356,boat,0.8619,326.08,196.96,470.57,248.19
356,boat,0.5984,75.78,207.95,345.29,270.24
356,boat,0.5586,273.01,195.09,348.79,253.28
357,person,0.9987,234.66,100.0,318.53,331.51
357,pottedplant,0.9855,148.89,255.58,189.77,293.0
357,sofa,0.9623,0.98,215.77,119.44,327.55
358,person,0.9992,65.59,54.33,239.86,368.05
358,person,0.9964,446.07,149.83,462.13,190.01
358,person,0.9948,459.62,143.35,476.41,187.81
358,person,0.988,422.31,152.88,437.67,184.67
358,bicycle,0.9631,351.76,261.03,500.0,372.54
358,bicycle,0.943,421.05,167.63,449.71,190.67
358,person,0.8486,337.95,146.92,348.04,165.69
358,bicycle,0.8397,438.17,168.59,467.93,192.49
358,person,0.8259,476.12,154.26,492.57,179.84
358,bicycle,0.7044,453.69,165.7,478.4,192.38
358,bicycle,0.6897,419.71,166.22,439.52,186.94
358,bicycle,0.6778,421.79,166.19,481.39,193.23
359,person,0.9954,23.11,101.57,371.57,490.57
360,person,0.999,174.6,65.33,281.45,279.47
360,person,0.996,143.92,25.81,167.41,88.13
360,horse,0.9921,27.15,136.53,369.83,371.52
360,person,0.9901,162.68,20.17,182.67,71.52
360,person,0.9868,123.47,30.74,146.97,95.02
360,person,0.9675,118.57,1.01,139.55,35.68
360,person,0.8455,270.63,136.34,336.21,177.05
360,person,0.7689,140.55,16.27,159.29,40.79
360,person,0.6561,3.8,154.55,38.27,246.5
361,person,0.9985,436.7,79.66,498.63,316.13
361,person,0.9984,109.2,8.48,203.43,332.28
361,person,0.9974,189.2,122.13,274.23,303.68
361,person,0.9973,235.0,114.27,265.78,174.33
361,person,0.997,266.65,116.39,292.13,185.85
361,person,0.886,258.63,118.79,270.44,165.43
361,person,0.5871,281.11,114.73,294.9,178.02
361,person,0.5419,443.64,51.22,492.24,134.58
361,person,0.5046,288.46,118.66,298.38,144.23
362,person,0.9988,129.47,275.27,191.11,453.53
362,person,0.9983,217.45,342.8,242.92,415.3
362,person,0.9975,39.17,235.67,142.6,491.88
362,person,0.9958,263.39,346.19,284.44,411.33
362,person,0.992,206.36,348.71,220.07,397.8
362,person,0.9833,185.69,346.92,207.56,398.38
362,person,0.9811,299.32,362.9,315.33,408.03
362,person,0.98,364.19,361.4,375.0,416.07
362,person,0.9591,175.74,357.38,188.87,408.06
362,person,0.9496,253.14,350.67,262.35,375.98
362,person,0.906,319.91,370.5,334.51,408.21
362,person,0.8236,332.82,377.73,343.64,411.09
362,person,0.7221,330.77,353.9,341.47,382.66
362,person,0.7082,322.86,354.3,331.69,375.01
362,person,0.6229,105.38,352.49,119.31,394.47
362,person,0.5691,278.71,352.93,289.32,376.54
363,person,0.985,68.52,19.13,454.65,356.75
364,bottle,0.9976,430.75,217.47,466.86,321.12
364,person,0.9968,327.18,1.08,500.0,363.41
364,person,0.9957,158.08,65.25,354.53,367.37
364,person,0.9952,23.58,22.16,263.33,373.11
364,bottle,0.9893,4.18,45.27,15.73,82.44
364,bottle,0.9877,15.11,45.76,28.88,83.71
364,bottle,0.9703,46.08,92.89,59.36,129.97
364,bottle,0.9681,34.04,92.23,45.32,130.81
364,bottle,0.9617,51.01,44.52,59.75,79.67
364,bottle,0.9568,12.0,90.67,24.92,132.42
364,bottle,0.956,39.15,42.73,50.63,80.74
364,bottle,0.9318,31.18,48.7,41.18,80.91
364,bottle,0.8526,25.55,91.22,37.03,132.91
364,bottle,0.7506,4.48,94.66,13.37,131.6
364,person,0.6783,246.31,23.05,456.28,374.0
364,person,0.5452,267.69,48.19,322.56,92.51
365,bicycle,0.9987,289.67,268.96,433.72,375.0
365,person,0.9983,116.42,141.74,187.54,297.9
365,person,0.9978,163.66,142.97,211.85,270.64
365,person,0.9978,424.92,126.46,470.04,251.68
365,person,0.9975,381.29,134.06,446.23,258.79
365,person,0.9967,470.67,129.3,500.0,235.5
365,bicycle,0.9961,124.22,208.17,205.68,324.79
365,person,0.9961,74.33,155.54,131.46,287.96
365,person,0.9943,281.96,177.23,400.74,369.31
365,person,0.9936,211.38,141.32,246.83,209.05
365,bicycle,0.9902,3.06,218.62,36.2,313.29
365,bicycle,0.9897,392.84,189.47,467.48,274.44
365,person,0.9897,18.46,150.51,78.94,287.89
365,person,0.9769,263.45,131.78,301.25,245.34
365,person,0.9742,335.13,141.36,387.13,201.49
365,bicycle,0.9738,27.7,201.53,72.21,308.43
365,person,0.9688,278.03,140.39,346.46,270.54
365,bicycle,0.9673,220.84,196.51,291.32,281.36
365,bicycle,0.9644,488.62,184.82,500.0,268.2
365,person,0.9642,231.78,142.97,277.88,264.43
365,bus,0.9631,449.06,95.28,489.68,140.34
365,person,0.9555,2.29,161.74,36.5,295.75
365,bicycle,0.9401,430.87,187.43,471.43,262.54
365,bicycle,0.9337,477.02,181.86,500.0,268.97
365,bicycle,0.9267,82.36,218.26,131.44,310.15
365,bicycle,0.9049,170.5,200.82,212.0,280.31
365,bicycle,0.8397,4.61,204.13,59.87,309.09
365,person,0.8217,58.47,156.91,85.2,285.25
365,person,0.7851,223.63,141.99,258.08,257.23
365,person,0.7835,376.28,136.41,402.64,188.41
365,bicycle,0.7799,76.03,210.77,169.66,316.94
365,bicycle,0.7639,253.37,199.53,296.86,283.19
365,bicycle,0.7534,467.64,184.44,499.7,238.4
365,bus,0.7267,4.54,114.24,143.34,187.72
365,person,0.5939,327.06,143.64,392.77,248.86
365,person,0.5609,41.23,152.82,107.69,284.48
365,bicycle,0.5403,73.51,214.6,112.34,306.88
365,bicycle,0.5213,495.38,184.78,500.0,268.01
366,person,0.998,310.47,53.16,449.4,352.43
366,person,0.9924,9.78,47.98,288.7,371.75
366,person,0.9897,274.59,223.2,292.49,252.64
366,person,0.9871,297.7,212.64,330.31,258.35
366,person,0.9858,325.85,228.41,345.74,267.15
366,person,0.9827,241.41,214.83,257.73,236.31
366,person,0.9744,259.46,224.6,276.08,249.26
366,car,0.9323,422.55,192.73,500.0,290.54
366,person,0.8213,131.19,73.1,394.64,365.88
366,person,0.5018,190.29,255.16,380.85,369.09
367,person,0.999,87.12,40.31,257.5,266.12
367,motorbike,0.9766,124.4,23.02,477.92,369.44
367,car,0.974,169.76,5.45,329.42,113.82
367,car,0.9295,31.77,2.51,117.86,75.68
367,car,0.7878,157.44,1.35,493.85,166.74
367,bicycle,0.7766,0.82,30.06,68.3,216.15
367,motorbike,0.6958,171.5,13.49,415.33,272.18
367,car,0.6298,121.86,29.33,143.74,47.07
368,person,0.9994,289.85,180.11,330.33,282.26
368,person,0.9993,144.14,137.25,236.38,413.34
368,person,0.995,95.86,184.02,112.23,227.21
368,person,0.9937,130.04,183.06,143.74,226.52
369,person,0.9942,161.99,15.21,341.25,364.45
369,person,0.9868,54.54,0.65,140.48,98.66
369,person,0.9167,159.18,0.0,286.57,125.36
369,person,0.9023,154.43,7.7,299.39,246.64
369,chair,0.8914,1.29,20.29,47.37,266.25
369,chair,0.676,457.68,0.0,499.83,77.8
370,bicycle,0.9956,2.55,254.24,283.8,500.0
370,person,0.9953,0.16,124.0,18.12,228.79
370,person,0.9948,11.95,122.01,42.5,224.3
370,bottle,0.9754,291.57,215.79,310.89,265.16
370,person,0.9735,73.05,10.22,273.14,340.15
371,person,0.996,122.46,137.19,263.19,498.04
371,chair,0.8816,0.0,260.11,127.04,499.69
371,diningtable,0.8237,2.42,274.92,122.73,468.89
371,chair,0.5291,115.03,205.02,239.6,491.65
372,person,0.9991,36.15,140.77,217.04,373.04
372,person,0.9973,236.96,118.72,365.03,306.16
372,person,0.9752,153.23,114.77,219.75,216.49
372,dog,0.9721,226.3,218.23,285.08,275.08
373,person,0.9923,286.81,70.08,374.67,171.37
373,horse,0.9596,166.92,88.75,448.85,319.16
373,horse,0.7589,221.35,91.05,437.86,232.24
374,person,0.9994,111.83,73.77,194.19,231.81
374,person,0.9981,226.34,75.91,260.1,145.15
374,horse,0.9898,63.54,142.11,181.58,285.5
374,person,0.9887,337.74,96.24,349.45,121.11
374,horse,0.9876,288.77,112.76,331.47,172.22
374,horse,0.9803,278.08,95.27,309.24,127.12
374,person,0.9719,361.89,95.37,371.52,119.44
374,horse,0.9341,221.16,109.55,260.28,163.35
374,person,0.9231,306.98,86.61,332.21,148.86
374,horse,0.9057,332.45,109.69,347.74,134.08
374,person,0.8997,353.18,97.49,364.52,123.61
374,horse,0.7406,351.5,104.9,368.87,127.49
374,person,0.6838,356.73,97.05,368.65,124.49
374,person,0.5639,333.51,102.4,348.47,127.75
374,person,0.5118,283.09,88.8,305.95,123.38
375,person,0.9964,0.0,3.65,175.63,309.46
375,bicycle,0.992,98.42,250.33,316.48,495.5
375,person,0.9905,137.03,164.34,334.87,449.9
375,bicycle,0.6111,0.0,119.33,201.09,446.76
376,person,0.9985,325.88,120.33,400.31,261.49
376,person,0.9976,293.52,111.98,341.02,222.53
376,person,0.9973,222.47,81.71,272.62,171.97
376,bicycle,0.9955,292.39,164.48,336.31,236.76
376,bicycle,0.9937,314.74,178.7,396.66,293.12
376,bicycle,0.9719,225.12,129.17,294.59,170.54
376,bicycle,0.9202,218.77,119.59,252.05,194.08
376,bicycle,0.8219,218.52,124.08,280.54,189.36
376,bicycle,0.6101,293.9,160.1,363.11,263.96
376,person,0.6081,239.1,90.83,273.59,156.14
377,tvmonitor,0.9965,191.36,12.84,243.4,62.94
377,person,0.9962,63.24,37.68,312.74,373.24
377,person,0.9889,91.32,38.47,222.54,207.84
377,tvmonitor,0.8641,3.81,22.88,74.13,128.14
377,tvmonitor,0.6643,6.6,183.38,130.7,319.97
377,tvmonitor,0.5751,320.76,11.82,350.99,57.87
377,tvmonitor,0.569,2.81,33.89,44.34,159.27
378,person,0.9986,391.03,53.87,431.13,144.96
378,person,0.9984,286.55,58.07,362.08,250.18
378,person,0.9984,158.82,5.72,261.04,349.29
378,person,0.9983,79.6,61.94,95.54,98.46
378,person,0.9979,64.49,62.2,80.52,98.11
378,person,0.9978,128.57,37.03,171.59,205.31
378,person,0.9977,334.17,46.0,376.94,152.99
378,person,0.9976,3.05,64.1,19.89,108.41
378,dog,0.9895,391.09,114.6,427.0,159.57
378,person,0.6481,41.05,64.57,46.17,74.91
379,person,0.9987,289.46,111.06,362.2,331.6
379,person,0.9984,34.42,126.94,116.84,331.96
379,person,0.9982,185.28,77.62,319.17,333.0
379,person,0.9981,443.26,145.8,496.45,331.24
379,person,0.9979,130.23,44.72,231.89,333.0
379,person,0.9977,91.23,193.18,139.92,331.51
379,person,0.9976,374.83,109.25,452.82,332.97
379,person,0.9945,129.3,200.0,162.46,330.35
379,person,0.9796,2.65,176.56,55.51,333.0
379,person,0.8336,0.85,200.32,28.32,330.26
380,person,0.9984,255.93,59.75,362.52,209.81
381,person,0.9957,98.68,62.26,224.2,383.57
381,pottedplant,0.9913,112.51,298.2,162.65,352.2
381,pottedplant,0.9899,200.13,315.16,229.44,361.42
381,pottedplant,0.9847,212.21,148.0,337.18,312.96
381,pottedplant,0.9754,223.22,308.07,252.81,360.81
381,pottedplant,0.9643,265.46,301.95,302.71,357.3
381,pottedplant,0.9305,246.19,306.92,275.63,359.51
381,pottedplant,0.8871,194.44,171.62,269.15,345.56
381,pottedplant,0.8685,232.37,298.54,301.09,358.51
381,pottedplant,0.8319,344.64,156.42,373.52,311.07
381,pottedplant,0.8032,255.59,224.38,321.26,308.81
381,pottedplant,0.7863,55.77,181.47,111.61,276.9
381,pottedplant,0.7275,40.11,158.98,71.15,214.55
381,pottedplant,0.6382,48.96,133.77,123.8,279.81
381,pottedplant,0.5729,11.86,164.91,43.35,214.74
381,pottedplant,0.5289,205.52,293.94,261.84,359.3
382,horse,0.9984,27.54,98.68,379.25,307.58
382,person,0.9963,128.46,26.4,230.29,196.79
383,chair,0.994,197.67,128.57,320.96,346.31
383,person,0.984,112.48,54.54,196.44,203.63
383,chair,0.9219,79.57,100.62,140.26,208.24
383,diningtable,0.9206,147.53,113.63,485.93,350.91
383,chair,0.8254,101.99,107.42,189.59,234.2
383,chair,0.7919,138.64,118.21,193.79,228.45
383,bottle,0.6229,168.8,73.57,185.56,107.79
384,person,0.9878,51.35,62.34,437.89,379.79
384,bottle,0.712,248.0,172.38,402.98,313.94
384,person,0.6639,203.13,76.12,434.92,339.27
385,person,0.9941,53.86,10.04,257.32,499.52
386,person,0.9915,83.66,16.14,500.0,332.24
387,person,0.9961,47.24,80.11,312.52,308.68
387,sofa,0.9708,145.86,231.4,490.66,333.0
388,person,0.9913,41.96,61.3,415.68,480.0
388,person,0.5336,51.34,337.93,219.44,468.19
389,person,0.9986,324.03,197.57,343.97,246.69
389,person,0.9975,101.04,79.91,215.86,406.75
389,car,0.977,339.73,234.41,374.55,329.88
390,person,0.9985,7.35,91.51,51.68,212.11
390,person,0.9984,459.08,138.49,500.0,333.0
390,person,0.9981,148.08,136.79,211.52,312.46
390,person,0.9978,207.9,131.61,275.19,313.12
390,person,0.9975,271.14,115.72,332.91,288.44
390,person,0.9969,321.29,116.76,357.24,251.0
390,person,0.9968,351.17,196.98,478.91,333.0
390,person,0.9961,376.47,122.46,418.9,238.49
390,person,0.9943,120.59,110.12,169.74,266.11
390,person,0.9895,59.61,96.28,108.86,214.17
390,person,0.9836,252.86,93.99,282.68,176.36
390,person,0.9824,54.63,97.04,81.94,201.07
390,person,0.9768,357.5,104.92,393.02,217.12
390,person,0.9761,93.89,97.65,117.53,182.96
390,person,0.9752,462.9,127.83,498.31,198.01
390,person,0.9752,120.28,89.71,147.32,156.64
390,person,0.9586,350.49,99.84,373.14,213.44
390,person,0.9542,423.68,148.93,460.77,221.87
390,person,0.9365,403.13,120.43,433.52,208.74
390,person,0.9329,435.89,108.51,470.58,189.68
390,person,0.9285,266.69,107.42,302.35,190.38
390,person,0.9238,187.83,117.96,232.14,213.6
390,person,0.905,173.24,110.41,206.47,156.81
390,person,0.7863,446.31,104.92,490.66,218.28
390,person,0.7832,220.76,111.79,239.06,148.73
390,person,0.7816,317.82,102.64,339.91,141.69
390,person,0.7732,44.04,95.1,56.19,118.97
390,person,0.6697,269.07,112.13,306.06,262.69
390,person,0.5812,418.28,104.23,438.55,148.23
390,person,0.5505,150.95,75.88,193.55,145.46
391,person,0.9989,254.81,111.62,361.77,374.44
391,person,0.9986,152.53,116.39,255.05,375.0
391,person,0.9981,129.33,157.49,150.37,206.14
392,person,0.9936,250.47,216.65,277.43,255.81
392,chair,0.9843,15.07,239.21,55.84,286.0
392,chair,0.9806,300.99,270.68,363.32,361.9
392,person,0.9718,183.62,219.93,245.6,331.76
392,chair,0.9717,355.15,276.92,420.45,369.37
392,person,0.9708,389.32,218.86,445.09,268.78
392,diningtable,0.9621,308.69,264.7,461.94,366.47
392,chair,0.9614,169.18,263.57,248.32,338.74
392,chair,0.7234,44.55,241.07,63.55,291.61
392,chair,0.693,158.78,257.12,207.29,326.96
392,chair,0.6698,429.15,242.0,475.57,329.51
393,person,0.9971,22.38,176.78,264.31,494.84
393,person,0.9955,1.11,173.08,50.21,266.16
393,chair,0.505,243.59,229.53,306.66,342.99
394,person,0.9939,0.41,96.35,49.78,409.31
394,person,0.9918,21.54,154.94,230.71,460.72
394,person,0.9891,272.52,55.53,314.02,198.8
394,person,0.9246,274.63,43.08,329.71,251.07
394,person,0.8329,2.43,100.91,77.52,493.95
394,chair,0.6829,223.23,84.42,276.91,180.91
395,person,0.9963,68.92,99.89,433.63,332.41
395,tvmonitor,0.5063,440.26,106.48,498.21,242.69
396,person,0.9825,2.92,43.62,333.0,496.47
396,person,0.8288,106.76,0.0,331.15,348.84
397,sofa,0.7499,23.59,17.16,375.0,432.23
398,person,0.9921,8.28,119.15,341.25,374.67
398,person,0.9876,228.29,105.21,491.39,375.0
398,person,0.6905,164.07,121.23,396.29,375.0
398,sofa,0.516,0.0,162.36,500.0,371.32
399,person,0.9988,341.45,119.4,397.35,262.55
399,person,0.9743,383.13,106.53,416.36,194.67
399,person,0.5887,245.9,110.71,257.62,175.15
